Episode,RADI,Damage,SuccessRate,Epsilon
1,0.957772601589485,0.0854649315897328,0.91,0.723833717690967
2,0.98664780364582,0.0838787892969171,0.86,0.654919063582909
3,0.983456623750719,0.0839178211762958,0.87,0.59256562572488
4,0.977935059608295,0.0851871886320005,0.87,0.536148724805393
5,1.00838591357875,0.0894248827150143,0.93,0.485103155888949
6,1.0121194416256,0.0896125337367882,0.9,0.438917525988398
7,1.04329896731649,0.0872946738002148,0.92,0.39712913074488
8,0.991181133816492,0.082549033167772,0.85,0.35931931888806
9,1.00018603573831,0.0858435940609288,0.87,0.325109298036164
10,1.00641845268102,0.0846430128770762,0.87,0.294156339816771
11,1.00794012600875,0.0838187826536425,0.86,0.266150346289927
12,1.00829480322482,0.0933302916041353,0.94,0.24081074327472
13,0.961913846631951,0.0842941926471896,0.85,0.217883669455582
14,0.986336035989685,0.0842445802493519,0.87,0.19713943310773
15,1.03161346618636,0.0872795979304925,0.9,0.178370210962322
16,1.02554509782802,0.0819205357079068,0.82,0.161387966157725
17,1.04045348484358,0.0801798684386218,0.83,0.146022564418163
18,1.04763801879068,0.0843201957912832,0.86,0.132120069586959
19,1.01369604435282,0.0885911230305779,0.89,0.119541201438397
20,1.07709992742551,0.0849084668967591,0.88,0.108159940318
21,1.01570200226203,0.0830543527454288,0.84,0.0978622646320138
22,1.01829648083379,0.0815227130602241,0.82,0.0885450085378098
23,1.02798045537431,0.0809239328234739,0.82,0.0801148283911267
24,1.05473534193379,0.0875199085674574,0.88,0.0724872675956538
25,1.03009281324592,0.0789545561498858,0.81,0.0655859104862776
26,1.06659065138032,0.0827050307611295,0.85,0.0593416167692866
27,1.06519792774228,0.0835615083541944,0.86,0.0536918288498817
28,1.06126292535919,0.0793396700517669,0.81,0.05
29,1.02660246998827,0.0885591615171123,0.89,0.05
30,1.00692187020964,0.0881819739760253,0.9,0.05
31,1.04122240683322,0.0892073624098255,0.9,0.05
32,1.04226679831401,0.0803214609951449,0.82,0.05
33,1.02664536219575,0.084088683730989,0.85,0.05
34,1.03319743774001,0.0937690363947754,0.93,0.05
35,0.993611019429656,0.0900749860080284,0.91,0.05
36,0.989294801564151,0.084043990389745,0.85,0.05
37,1.03372574395457,0.0802561702821182,0.81,0.05
38,1.09091551457653,0.0889223895954883,0.87,0.05
39,1.05281623563887,0.0794712185068997,0.83,0.05
40,1.07026660756148,0.0930128160026678,0.91,0.05
41,1.08115622056603,0.0885092271870473,0.88,0.05
42,1.06883519011908,0.0865655737209162,0.86,0.05
43,1.02722408110051,0.0907336354295945,0.9,0.05
44,1.06360520643831,0.090386153662965,0.9,0.05
45,1.01100710867286,0.0856612090742771,0.86,0.05
46,0.986559475793791,0.0771578021786338,0.78,0.05
47,1.04276010196234,0.0893119079705051,0.89,0.05
48,1.0456767199299,0.0829279695933301,0.83,0.05
49,1.0133424074229,0.0840837573479643,0.85,0.05
50,1.0853079490642,0.0905203993647729,0.93,0.05
51,1.03287964717792,0.0892690045080193,0.89,0.05
52,1.02870649453311,0.0897595162380969,0.89,0.05
53,1.02420002546581,0.0889209388279791,0.89,0.05
54,1.0305839599287,0.0923035592660629,0.91,0.05
55,1.06622298434834,0.084827387606136,0.84,0.05
56,1.06571740967945,0.0862487870183781,0.86,0.05
57,1.02923149691709,0.0844478021931946,0.84,0.05
58,1.00896708813132,0.0876166604281143,0.88,0.05
59,1.04734867039313,0.0905359790328817,0.91,0.05
60,0.996736129276756,0.0889255167370614,0.9,0.05
61,1.06488300952469,0.0881077437775617,0.9,0.05
62,1.0666214960618,0.0856176270539051,0.87,0.05
63,1.04269288068968,0.0778809936871817,0.77,0.05
64,1.00661919666755,0.0891367131717356,0.89,0.05
65,1.01847849129082,0.0864307261956502,0.86,0.05
66,1.00223065201678,0.0853648530255441,0.87,0.05
67,1.01691050022435,0.0859187834090307,0.85,0.05
68,1.01326849368301,0.0763390208301428,0.77,0.05
69,1.03243989189626,0.0874283442861,0.88,0.05
70,1.02982331245568,0.0819682686392798,0.82,0.05
71,1.06897529568554,0.0842744292770588,0.85,0.05
72,1.04957126211985,0.0878687457849589,0.89,0.05
73,1.04513261969582,0.0896934454694679,0.89,0.05
74,1.04085248673236,0.0837047004075028,0.82,0.05
75,1.01131491361142,0.0777934110244255,0.77,0.05
76,1.01522515561209,0.0852228973419826,0.84,0.05
77,1.02280203343654,0.0880460894530956,0.88,0.05
78,1.02878160139702,0.085272664834099,0.85,0.05
79,1.02830412619436,0.092074287411063,0.91,0.05
80,1.05895201744467,0.0924723676512358,0.91,0.05
81,1.0785494960318,0.084512852707081,0.83,0.05
82,1.0673508082998,0.094897310862736,0.93,0.05
83,1.08586611491427,0.0894801955414666,0.88,0.05
84,1.04587998643313,0.0897794934427679,0.88,0.05
85,1.08247759197028,0.0971990243569054,0.96,0.05
86,1.02174765385799,0.0926788171631223,0.92,0.05
87,1.04897881655422,0.0906344545457976,0.89,0.05
88,1.04113953530987,0.0879470095665825,0.86,0.05
89,1.0606137750242,0.0897904526572587,0.88,0.05
90,1.03978461062311,0.0868913647969474,0.85,0.05
91,1.03245219304096,0.0863940646470333,0.86,0.05
92,1.02528506262783,0.0902056156790337,0.89,0.05
93,1.0336982187417,0.0923520308433741,0.91,0.05
94,1.07847720689308,0.0886867313485102,0.87,0.05
95,1.03019426431057,0.0907995699412211,0.89,0.05
96,1.0296260208737,0.0898454315169249,0.89,0.05
97,0.995279755262971,0.0884471736114178,0.88,0.05
98,1.07584231145186,0.0922335993659829,0.9,0.05
99,1.10235735311025,0.0945077309573293,0.92,0.05
100,1.06848472009156,0.0936492855720793,0.92,0.05
101,1.08247332913075,0.0951854156113854,0.93,0.05
102,1.02982904576397,0.0935121124769779,0.92,0.05
103,1.10331452075291,0.0867734791066137,0.85,0.05
104,0.981990843308416,0.0835484543445435,0.83,0.05
105,0.990186003195198,0.0904032751150345,0.9,0.05
106,1.016402226635,0.0861171592929599,0.85,0.05
107,1.00600212952041,0.0912431750871977,0.9,0.05
108,0.997074433939872,0.0832603020724463,0.83,0.05
109,1.03756040258335,0.0925817046572532,0.92,0.05
110,0.99506938894502,0.0914403364265288,0.91,0.05
111,1.0518365584498,0.0938783529011865,0.92,0.05
112,0.999581674767206,0.0874236235428469,0.87,0.05
113,1.02168919449475,0.0857687475798943,0.85,0.05
114,0.99717184433746,0.0839001909881136,0.84,0.05
115,1.01468215652204,0.0798676324176521,0.82,0.05
116,1.0741122241077,0.0884711061082872,0.88,0.05
117,0.97908063779974,0.093052658057786,0.92,0.05
118,0.999066615924616,0.0860549697399787,0.85,0.05
119,1.01328246796641,0.0916562861736931,0.91,0.05
120,1.02244879335645,0.0924169880564548,0.91,0.05
121,1.02945917219217,0.0945889859416562,0.93,0.05
122,1.07475658145686,0.0892778530865626,0.87,0.05
123,1.04012872781244,0.0911726781644367,0.9,0.05
124,1.03278171351152,0.0856214757023345,0.86,0.05
125,1.07436316737352,0.0872436681383145,0.89,0.05
126,1.05721387807215,0.083945878757261,0.85,0.05
127,1.07121851434714,0.0776561591910129,0.79,0.05
128,1.05270522900418,0.0871593699823393,0.88,0.05
129,1.05448195313906,0.0836539095946475,0.85,0.05
130,1.04569924901734,0.0839321226705412,0.85,0.05
131,1.04320450290749,0.0874178200720001,0.87,0.05
132,1.07134928794242,0.0806322086350479,0.82,0.05
133,1.0598034441925,0.0829476244746894,0.86,0.05
134,1.05205409646301,0.0773461039582199,0.79,0.05
135,1.04493364873732,0.0841240514086979,0.84,0.05
136,1.07262341729406,0.0840349688069012,0.85,0.05
137,1.02293273876914,0.0828618766833194,0.84,0.05
138,1.07942547937755,0.0842467279258517,0.86,0.05
139,1.06660231850597,0.0849376951218684,0.86,0.05
140,1.07777841951622,0.0860030960202257,0.88,0.05
141,1.08653253930717,0.0825518590229965,0.84,0.05
142,1.02516232172256,0.0864644538970726,0.87,0.05
143,1.04927394423778,0.0830684656552285,0.84,0.05
144,1.07129769216276,0.0809948974189943,0.84,0.05
145,1.03920285101905,0.0835590769595966,0.84,0.05
146,1.08394347778494,0.0851289282020164,0.87,0.05
147,1.07105744760546,0.0803247579602579,0.82,0.05
148,1.04412178853439,0.0832471783306788,0.84,0.05
149,1.0628172333268,0.0854646213937769,0.88,0.05
150,1.04910077598918,0.0858689081845321,0.86,0.05
151,1.03608016285289,0.0860579682533801,0.86,0.05
152,1.043238339938,0.0829983877110672,0.85,0.05
153,1.02531785043671,0.0842880990788396,0.84,0.05
154,1.02688926544004,0.0878653817841729,0.88,0.05
155,1.05788102312383,0.0847157304894037,0.86,0.05
156,1.03167641408599,0.0794134188182272,0.82,0.05
157,1.08016633192913,0.0788930205296758,0.81,0.05
158,1.04324826980516,0.085411984868169,0.86,0.05
159,1.03350864452094,0.0866761049409023,0.88,0.05
160,1.08490266283639,0.0852806796401571,0.87,0.05
161,1.06868436387298,0.0828236933195312,0.84,0.05
162,1.06332244269969,0.0770914946198851,0.78,0.05
163,1.02015220719746,0.0885769272690784,0.9,0.05
164,1.0942472774795,0.0798357122908527,0.84,0.05
165,1.06663594296627,0.0835535172832546,0.85,0.05
166,1.05381326067859,0.0835805156314192,0.85,0.05
167,1.05472073651571,0.0833369607795151,0.84,0.05
168,1.08670037174289,0.0801882112053889,0.82,0.05
169,1.05946023819532,0.0764311869928723,0.77,0.05
170,1.10863555538646,0.0820188119751438,0.84,0.05
171,1.08926624089534,0.0836767768166166,0.87,0.05
172,1.0654788910503,0.0838050503941264,0.85,0.05
173,1.05744264062014,0.0792085358528538,0.8,0.05
174,1.0273788086467,0.0792063349689771,0.81,0.05
175,1.02364563156442,0.0872842723415753,0.87,0.05
176,1.05351767837447,0.0840726556433407,0.86,0.05
177,1.02606466578455,0.0886505479531005,0.89,0.05
178,1.05796226731104,0.0792062942222397,0.81,0.05
179,1.01797739385758,0.0878171998767993,0.88,0.05
180,1.01766760362641,0.0805453214729832,0.83,0.05
181,1.04593030358274,0.0912641184546837,0.91,0.05
182,1.0262025385459,0.0765966525140563,0.78,0.05
183,1.02724770182175,0.0838586937497143,0.85,0.05
184,1.03662060334392,0.0856869864768664,0.88,0.05
185,1.03788516347103,0.0865067422011209,0.88,0.05
186,1.0416930001119,0.0881483860427185,0.88,0.05
187,1.03620555556057,0.0830209025181402,0.84,0.05
188,1.05745354825277,0.0804617567342091,0.81,0.05
189,1.1093251212926,0.085282196811037,0.88,0.05
190,1.05198480049911,0.0875293638666775,0.89,0.05
191,1.07120292011414,0.0863629614560322,0.87,0.05
192,1.05433893389538,0.0871648725534198,0.87,0.05
193,1.08349303593783,0.08687649191738,0.89,0.05
194,1.07047406291744,0.0790123683657022,0.8,0.05
195,1.02498334379246,0.0810171530627471,0.82,0.05
196,1.07587082154702,0.0856938219309988,0.86,0.05
197,1.03987177431141,0.0851229989426762,0.86,0.05
198,1.06106475130485,0.083960183776253,0.84,0.05
199,1.03499949364837,0.0846954581915712,0.85,0.05
200,1.02858971012107,0.0800971268366708,0.82,0.05
201,1.04536030273431,0.0841402833657125,0.84,0.05
202,1.04860663185713,0.089043395314472,0.9,0.05
203,1.04995171166719,0.0856639229080186,0.86,0.05
204,1.06964142660479,0.0881549779819708,0.89,0.05
205,1.05218236511477,0.0859559940638787,0.86,0.05
206,1.03627772647743,0.0886503736627665,0.9,0.05
207,1.06009260042149,0.0804843905198055,0.81,0.05
208,1.06776793120729,0.0886942358612169,0.89,0.05
209,1.04535709248312,0.0814148996613236,0.82,0.05
210,1.07059197067392,0.0881671363553262,0.88,0.05
211,1.06266355001234,0.0825699675098703,0.82,0.05
212,1.03725362914637,0.0852711970963551,0.84,0.05
213,1.05631944186563,0.0784883753963138,0.78,0.05
214,1.05980336767506,0.0842951642583874,0.84,0.05
215,1.04595296195568,0.0881096378455044,0.88,0.05
216,1.05687137656018,0.0864387476236668,0.86,0.05
217,1.06394978419292,0.0832638762250597,0.85,0.05
218,1.04965935328138,0.086453269380668,0.88,0.05
219,1.05562291894723,0.0864330800686865,0.88,0.05
220,1.06774675285222,0.0785639804132338,0.8,0.05
221,1.04043110736417,0.0878374410188506,0.88,0.05
222,1.0609014688967,0.0890142834214605,0.91,0.05
223,1.04311708023316,0.0833842554217045,0.85,0.05
224,1.03720873675886,0.084005474386228,0.84,0.05
225,1.01182982443224,0.0830423501602032,0.84,0.05
226,1.02836774954538,0.0828148382537757,0.83,0.05
227,1.03656521955158,0.0825615324770947,0.84,0.05
228,1.01687796941515,0.0840312294790592,0.85,0.05
229,1.04012524785821,0.0853391459660173,0.87,0.05
230,1.04814530361857,0.0855427243081528,0.87,0.05
231,1.05066293463483,0.0858760262044191,0.87,0.05
232,1.0608916475243,0.080913232697247,0.82,0.05
233,1.05258203580547,0.085668485139664,0.87,0.05
234,1.03244155275163,0.0794791467491516,0.8,0.05
235,1.02346459501935,0.0814838917554689,0.81,0.05
236,1.03116730695331,0.0827898015206636,0.84,0.05
237,1.07380038516948,0.0887476706687481,0.9,0.05
238,1.02400844468508,0.0855902207570488,0.87,0.05
239,1.0561227507279,0.0842999159724394,0.85,0.05
240,1.05580473628432,0.084568617328738,0.85,0.05
241,1.06317254300359,0.0847062971729143,0.86,0.05
242,1.08975669754107,0.0857088607298107,0.87,0.05
243,1.06278040607496,0.0812531043388831,0.83,0.05
244,1.04733866567751,0.0789884892654475,0.8,0.05
245,1.04852762195754,0.0833309029542873,0.84,0.05
246,1.09171853337085,0.0862500163787614,0.88,0.05
247,1.0712267606389,0.0756130546207023,0.76,0.05
248,1.05454007644212,0.0849694621069662,0.86,0.05
249,1.07919846837188,0.0819007346570879,0.84,0.05
250,1.09035826468059,0.0871599848497529,0.89,0.05
251,1.09072943897543,0.0816824810943887,0.83,0.05
252,1.07977145157794,0.0834017010334455,0.84,0.05
253,1.0748988333523,0.083113074914795,0.83,0.05
254,1.09639263350887,0.0852139280969448,0.86,0.05
255,1.06639751667584,0.0812570025635823,0.83,0.05
256,1.09502011485532,0.0897687515879147,0.9,0.05
257,1.09796122809837,0.0864070321101886,0.87,0.05
258,1.09003684072185,0.0841311156313424,0.85,0.05
259,1.05186999553477,0.084583408225033,0.84,0.05
260,1.06302658260047,0.0829655287740341,0.84,0.05
261,1.0630769705977,0.082836555859772,0.85,0.05
262,1.07012588004169,0.0772837069833417,0.78,0.05
263,1.04237059229057,0.0822689679218687,0.84,0.05
264,1.07008617198501,0.0879396801993269,0.89,0.05
265,1.10666434319818,0.0834707928626965,0.83,0.05
266,1.05506902495356,0.0787911041718127,0.81,0.05
267,1.12525296591897,0.0846415201704441,0.84,0.05
268,1.09556802222739,0.0908534360453395,0.91,0.05
269,1.05820734998727,0.0785067666196946,0.79,0.05
270,1.07057608264304,0.0843092700207966,0.86,0.05
271,1.06292299275666,0.0828154742231385,0.85,0.05
272,1.06454832202229,0.0810401640993908,0.83,0.05
273,1.04755036443912,0.0834538403049014,0.84,0.05
274,1.09178413871913,0.0862432781943955,0.89,0.05
275,1.07620103044688,0.0838470828106088,0.85,0.05
276,1.07468851384502,0.0804852282072301,0.8,0.05
277,1.09081253771514,0.0801482843818462,0.8,0.05
278,1.0407213862381,0.0869135971655565,0.88,0.05
279,1.04659315780571,0.081580045755099,0.82,0.05
280,1.10155222015384,0.0892879892272658,0.89,0.05
281,1.08959156600585,0.0880706686481045,0.88,0.05
282,1.09406753505195,0.0920541053777443,0.92,0.05
283,1.07851345817172,0.0807238582162756,0.83,0.05
284,1.06519688999203,0.0786066008704589,0.81,0.05
285,1.03609312135841,0.0801319068421577,0.81,0.05
286,1.05803773240269,0.0836926323072819,0.85,0.05
287,1.03687646958064,0.0851823104382074,0.86,0.05
288,1.047664748466,0.0812596073580839,0.83,0.05
289,1.02994800624743,0.0814210967674656,0.83,0.05
290,1.05722261184065,0.0860762701274244,0.85,0.05
291,1.10297724650528,0.0855321570536546,0.86,0.05
292,1.106157709045,0.0849450660802735,0.85,0.05
293,1.06296354407991,0.0871279449024017,0.87,0.05
294,1.0703658132577,0.0844394674598885,0.85,0.05
295,1.05088192189836,0.0832127151887929,0.84,0.05
296,1.09014192013834,0.084930942545017,0.84,0.05
297,1.09543972250105,0.0844222602695063,0.84,0.05
298,1.0517893307829,0.0783993568106775,0.79,0.05
299,1.09056653941261,0.0863896233981966,0.88,0.05
300,1.08859650308725,0.088627900348765,0.9,0.05
301,1.0673525459934,0.090654856374832,0.9,0.05
302,1.05382688780325,0.0876743661232028,0.87,0.05
303,1.05569121880801,0.0855433186447827,0.88,0.05
304,1.05773728175699,0.0786383959712755,0.8,0.05
305,1.03498727771347,0.0772945066652918,0.77,0.05
306,1.05496099322066,0.0793660357194911,0.8,0.05
307,1.08407147262995,0.0884491894879111,0.88,0.05
308,1.10682018139489,0.087576532331286,0.87,0.05
309,1.06796971172364,0.0879718218909354,0.87,0.05
310,1.05936226211848,0.0904168247208805,0.91,0.05
311,1.07291039550164,0.0861055772726641,0.88,0.05
312,1.06814793899595,0.0918596196481436,0.93,0.05
313,1.06202448008353,0.083009783401558,0.83,0.05
314,1.08238983764788,0.0864660859879141,0.86,0.05
315,1.05126932656997,0.0829474998064037,0.83,0.05
316,1.05923875427139,0.0829120655011564,0.83,0.05
317,1.05015235554947,0.0809907662238885,0.8,0.05
318,1.04943369508745,0.0801081261159055,0.82,0.05
319,1.06215336238955,0.077465233692799,0.78,0.05
320,1.07028598215296,0.0847457935967117,0.85,0.05
321,1.0587977823352,0.0856139932394021,0.85,0.05
322,1.05258704964297,0.0797405918327665,0.81,0.05
323,1.05829441837456,0.0882211895601304,0.88,0.05
324,1.05966146154412,0.0809670890195865,0.83,0.05
325,1.01838694406581,0.0849159286389547,0.86,0.05
326,1.03453521570729,0.0911458516918981,0.91,0.05
327,1.03705952564627,0.0857518976385689,0.85,0.05
328,1.10903761862782,0.0920364259444197,0.9,0.05
329,1.11068988621768,0.0889328951588222,0.87,0.05
330,1.09180041007918,0.0864083691362623,0.84,0.05
331,0.996678332320393,0.0909501093427687,0.9,0.05
332,1.03710733505284,0.0905451885962742,0.91,0.05
333,1.10383470627306,0.090898969815997,0.89,0.05
334,1.12106283634242,0.0845033522191175,0.84,0.05
335,1.0494203590907,0.0874983379655643,0.88,0.05
336,1.03996136209906,0.0843129240238454,0.85,0.05
337,1.03940695992576,0.0857277467529015,0.85,0.05
338,1.07697514712227,0.0878798876921638,0.89,0.05
339,1.07143304911667,0.0870153556908243,0.88,0.05
340,1.05129257191919,0.077650617149976,0.78,0.05
341,1.02809665311303,0.083517640703712,0.84,0.05
342,1.03104671497454,0.0855482660141203,0.87,0.05
343,1.04233140020983,0.0799202484914795,0.81,0.05
344,1.00876004774548,0.0875943191951939,0.88,0.05
345,1.02247831633769,0.0820346764037946,0.84,0.05
346,1.04749601926936,0.0901574769092241,0.91,0.05
347,1.05894250081753,0.0829468717286156,0.85,0.05
348,1.08659691979115,0.0771671680205736,0.8,0.05
349,1.06215993586818,0.0819295812299659,0.85,0.05
350,1.04249817731979,0.0886919281379081,0.91,0.05
351,1.08603668902344,0.0803401739009061,0.8,0.05
352,1.03558207908358,0.0782005248155299,0.8,0.05
353,1.07712043379663,0.0862444042615571,0.89,0.05
354,1.07301447573765,0.084498014699819,0.85,0.05
355,1.04796489354606,0.0882526190813835,0.89,0.05
356,1.05867356042443,0.0849751661170168,0.86,0.05
357,1.06587633855688,0.0850268592382062,0.86,0.05
358,1.06784231403258,0.0871645934075789,0.88,0.05
359,1.06524132214695,0.0839294349816447,0.87,0.05
360,1.09413361478797,0.0793390015681436,0.82,0.05
361,1.07715327780307,0.0726625419933587,0.77,0.05
362,1.06349218727894,0.0801879023109429,0.82,0.05
363,1.05800699154799,0.0882716291504925,0.89,0.05
364,1.05600812456479,0.0891485070057014,0.9,0.05
365,1.08447917761388,0.0795968758704193,0.81,0.05
366,1.0965201403137,0.0769518687383369,0.8,0.05
367,1.08503255020602,0.0876208215476227,0.9,0.05
368,1.08942049277764,0.0810197352251099,0.81,0.05
369,1.06940573995353,0.0778981556066173,0.78,0.05
370,1.08941185201197,0.0817293184986124,0.84,0.05
371,1.06719881280002,0.0808506996528769,0.82,0.05
372,1.08236033310582,0.0866122931806519,0.87,0.05
373,1.06084204595754,0.0856654157012497,0.87,0.05
374,1.0590645309729,0.084003173263428,0.85,0.05
375,1.05237991777939,0.0808306259350204,0.81,0.05
376,1.08395271582397,0.0808671924633612,0.82,0.05
377,1.090409717198,0.0813947195873604,0.84,0.05
378,1.07527948536347,0.0804690205836199,0.83,0.05
379,1.06672557096492,0.0787892471202096,0.8,0.05
380,1.02990393827519,0.0876500168637752,0.88,0.05
381,1.09255808894988,0.087692926383103,0.87,0.05
382,1.07656416693489,0.0753391867198736,0.76,0.05
383,1.06387622737535,0.0885387778000877,0.9,0.05
384,1.06563570335596,0.0837926819892207,0.85,0.05
385,1.02929896304613,0.0791452555153496,0.82,0.05
386,1.02626633352103,0.0835204413627609,0.84,0.05
387,1.05030230555364,0.0838445645512648,0.85,0.05
388,1.04053415303944,0.0845690903958461,0.85,0.05
389,1.05676770384032,0.0837350486118785,0.85,0.05
390,1.05569176324137,0.0890068654415562,0.89,0.05
391,1.03390328746135,0.0811662733591108,0.81,0.05
392,1.05382875886332,0.0851756531636384,0.86,0.05
393,1.05535487444211,0.0862348240772264,0.86,0.05
394,1.0784476900143,0.0894103488342457,0.91,0.05
395,1.04348497056661,0.0871227029981734,0.87,0.05
396,1.03452642531006,0.0819312645220692,0.83,0.05
397,1.07849544909186,0.0929070136912347,0.91,0.05
398,1.05013614672674,0.0811990846349524,0.83,0.05
399,1.01247896291732,0.0847968696647506,0.85,0.05
400,1.04433927605107,0.0888437594880402,0.87,0.05
401,1.05002393990918,0.0913465871504739,0.91,0.05
402,1.02487067706765,0.0807455838210986,0.81,0.05
403,1.03832552926076,0.0891910569645366,0.88,0.05
404,1.03014678164623,0.0913783952959545,0.9,0.05
405,1.04482888257765,0.0860218833169269,0.86,0.05
406,1.02977389737374,0.0892137052684228,0.88,0.05
407,1.03534395141996,0.0812198716855322,0.83,0.05
408,1.04523018253555,0.0870499853840861,0.89,0.05
409,1.02485114039687,0.0882798250259035,0.88,0.05
410,1.0675114684087,0.087470727522272,0.89,0.05
411,1.03971908362616,0.0826369203073006,0.84,0.05
412,1.05209673292018,0.075568240227314,0.78,0.05
413,1.03995813912808,0.0832936297767267,0.84,0.05
414,1.05036540079871,0.075996698996546,0.77,0.05
415,1.0565757573403,0.0825289935353127,0.84,0.05
416,1.05066225685521,0.0822738846639504,0.83,0.05
417,1.08940409745563,0.0832952450952707,0.84,0.05
418,1.02958132173108,0.0881982973287532,0.89,0.05
419,1.08947338557731,0.0820467513735211,0.83,0.05
420,1.05645432938256,0.0856696933366354,0.86,0.05
421,1.05634361932798,0.0874507779242685,0.87,0.05
422,1.05446425816421,0.0877050620708267,0.88,0.05
423,1.05057216170903,0.0895039612680331,0.91,0.05
424,1.04149609862211,0.0820803076714686,0.84,0.05
425,1.06873652524294,0.0882409685336399,0.88,0.05
426,1.07653295022715,0.0952143684517508,0.94,0.05
427,1.09344662150197,0.0902658385848524,0.9,0.05
428,1.07283410007289,0.0836988850586799,0.84,0.05
429,1.04368516715567,0.080499645459425,0.82,0.05
430,1.09065360409183,0.0805884219510657,0.83,0.05
431,1.07291465641134,0.0850667704880777,0.87,0.05
432,1.06948089563103,0.0847824031656978,0.86,0.05
433,1.04149543300223,0.0812355767075826,0.82,0.05
434,1.0709652001234,0.0900936961378278,0.92,0.05
435,1.10265050045233,0.081106060405943,0.83,0.05
436,1.06499810482155,0.0759677641188245,0.78,0.05
437,1.07219593880188,0.0804574721319622,0.83,0.05
438,1.05712494422769,0.079481443374159,0.81,0.05
439,1.07052454309852,0.0791853205235273,0.81,0.05
440,1.0612482845404,0.0825505461390855,0.84,0.05
441,1.06189207707067,0.0875102262911149,0.89,0.05
442,1.05877625243544,0.0896154276719948,0.91,0.05
443,1.04264301084106,0.0875300182843005,0.87,0.05
444,1.02813662595727,0.0864581030410906,0.88,0.05
445,1.0652425363674,0.0860859790596781,0.88,0.05
446,1.05388989478255,0.0794418545939401,0.82,0.05
447,1.0285326379783,0.0843062054338423,0.86,0.05
448,1.02982248162824,0.0842207298811462,0.86,0.05
449,1.02246509045478,0.0830679807851397,0.85,0.05
450,1.02208851395178,0.0802198282511387,0.81,0.05
451,1.07783573617711,0.0855696784032979,0.87,0.05
452,1.0527171480613,0.078208177283963,0.78,0.05
453,1.04153572396428,0.0787359768534147,0.8,0.05
454,1.00330318673168,0.0819035539967958,0.86,0.05
455,1.03344365020234,0.0862125618430616,0.87,0.05
456,1.06432132966143,0.0856042723077737,0.88,0.05
457,1.06429850300509,0.0761890585748514,0.78,0.05
458,1.04810396219112,0.079874338921689,0.82,0.05
459,1.04229059311963,0.0859654031220815,0.88,0.05
460,1.07278712941472,0.0830969000525473,0.85,0.05
461,1.05622482979527,0.0842371801856005,0.85,0.05
462,1.08513872959901,0.0839522494973511,0.85,0.05
463,1.06597168962354,0.0807949166136358,0.82,0.05
464,1.06654736375304,0.0853256227313787,0.86,0.05
465,1.04935041097012,0.0739692480968601,0.75,0.05
466,1.05555182279019,0.0829696887125716,0.84,0.05
467,1.04779320987043,0.085830036314465,0.87,0.05
468,1.04784843406555,0.0871331433264077,0.88,0.05
469,1.00648780645716,0.0870600861354317,0.87,0.05
470,1.0450784117834,0.0852458269441203,0.85,0.05
471,1.07640509539182,0.0837904596110241,0.85,0.05
472,1.06937169442832,0.0866836859177681,0.88,0.05
473,1.09292097378257,0.0905633526645019,0.92,0.05
474,1.05273672206709,0.0823455275076091,0.83,0.05
475,1.05968415207764,0.0838454924333994,0.85,0.05
476,1.06798201007047,0.0855794412482271,0.86,0.05
477,1.05016060921896,0.0861180738515615,0.87,0.05
478,1.06055215935185,0.085065433790364,0.85,0.05
479,1.07363132162288,0.0881049045788781,0.9,0.05
480,1.07093824912127,0.0887662387331971,0.9,0.05
481,1.07757288207738,0.0863589092014026,0.87,0.05
482,1.05698589456123,0.0899380559014835,0.91,0.05
483,1.07866568013046,0.0769365909469265,0.78,0.05
484,1.07458297546429,0.0831569686745534,0.84,0.05
485,1.0543037087084,0.0793121585342015,0.8,0.05
486,1.07475998771267,0.0880873407701846,0.89,0.05
487,1.06198540002364,0.0855090480362703,0.86,0.05
488,1.03297862373452,0.0778050163878549,0.79,0.05
489,1.05918296506871,0.076718880581201,0.79,0.05
490,1.09015796721327,0.0879733347484297,0.87,0.05
491,1.06269081815931,0.0767735575083422,0.77,0.05
492,1.13501290311902,0.0894038776036582,0.89,0.05
493,1.10262469034276,0.0831488662463099,0.83,0.05
494,1.10010546692677,0.0811316756915276,0.81,0.05
495,1.09855681475119,0.0869863565885183,0.87,0.05
496,1.09341716329432,0.0806679964813783,0.8,0.05
497,1.11343702187735,0.0871661018879426,0.87,0.05
498,1.11133286926354,0.0885458949871005,0.89,0.05
499,1.06876443674695,0.0762932407450359,0.77,0.05
500,1.0626712671769,0.0833352534926144,0.86,0.05
501,1.04155127203133,0.0851329526000031,0.87,0.05
502,1.06022667842184,0.0839181476200583,0.87,0.05
503,1.04806455619094,0.0782753111273321,0.8,0.05
504,1.05122964448002,0.0874049480316501,0.9,0.05
505,1.05040834826294,0.083984118393549,0.86,0.05
506,1.04313312706816,0.08225886836715,0.85,0.05
507,1.05264229351268,0.0735167768153996,0.75,0.05
508,1.05653712471594,0.0859982688150996,0.88,0.05
509,1.07074514328198,0.0857866251557874,0.87,0.05
510,1.11921171362507,0.0861197954090402,0.86,0.05
511,1.07281106773475,0.0810857970658908,0.82,0.05
512,1.05146215870434,0.0823183709225477,0.83,0.05
513,1.06705357794774,0.0851524837709239,0.86,0.05
514,1.05458870409746,0.0833638002457202,0.85,0.05
515,1.03921436838889,0.0804664338891503,0.82,0.05
516,1.02849792680973,0.0869419599233536,0.88,0.05
517,1.05429468347216,0.0762328848955468,0.78,0.05
518,1.03150556017945,0.0776051249483693,0.78,0.05
519,1.04894458770994,0.087028286381771,0.89,0.05
520,1.06949504351396,0.0846322573536217,0.86,0.05
521,1.05926238677263,0.0786021343045134,0.8,0.05
522,1.01352525144409,0.0812861210303745,0.84,0.05
523,1.05698646957964,0.0810307146174527,0.84,0.05
524,1.05045992616099,0.0815056464263812,0.84,0.05
525,1.04934579781784,0.0802175651222293,0.81,0.05
526,1.07902434935053,0.0821902266396047,0.82,0.05
527,1.07293372770376,0.0833968780502261,0.83,0.05
528,1.05026135009353,0.0902404702208411,0.91,0.05
529,1.06064417900105,0.0878888095429028,0.89,0.05
530,1.11691450597651,0.0829851352943301,0.84,0.05
531,1.06405599873532,0.0770394975828554,0.78,0.05
532,1.06044940447166,0.0819981427384338,0.82,0.05
533,1.06343678856307,0.0873158822524335,0.87,0.05
534,1.0641858998252,0.0841562264877378,0.87,0.05
535,1.04208037828972,0.0759050536583988,0.77,0.05
536,1.03741547178719,0.0824809692617623,0.84,0.05
537,1.05687960195884,0.0859169530021653,0.86,0.05
538,1.05179646301097,0.0798006570357528,0.83,0.05
539,1.0477695765387,0.0818626122351527,0.83,0.05
540,1.04686442295132,0.0805118057279909,0.81,0.05
541,1.03364621444034,0.08294570973625,0.83,0.05
542,1.03357224771212,0.086710916457482,0.88,0.05
543,1.05529189232237,0.085222027071864,0.87,0.05
544,1.10385374206098,0.0858851247867595,0.87,0.05
545,1.08225464596192,0.085623657836877,0.85,0.05
546,1.09413802340565,0.0875494278843258,0.88,0.05
547,1.08045556234391,0.0810928570158513,0.82,0.05
548,1.05770247306552,0.0803173868936257,0.83,0.05
549,1.03381732599423,0.07805858932331,0.79,0.05
550,1.04980038322484,0.0850779121508246,0.89,0.05
551,1.06153430023323,0.0796685778909124,0.83,0.05
552,1.07881617777981,0.0775429608064575,0.82,0.05
553,1.03543949127247,0.0835703424716713,0.85,0.05
554,1.04156071374053,0.0836261783735187,0.84,0.05
555,1.04416916614822,0.0861312949239804,0.88,0.05
556,1.05149737724439,0.0876623327950355,0.89,0.05
557,1.04881255986885,0.0839835865957267,0.84,0.05
558,1.05742136786466,0.0813881472858052,0.83,0.05
559,1.05523614177304,0.0800866427248854,0.81,0.05
560,1.04813921791639,0.0899328234488245,0.91,0.05
561,1.04030370225513,0.0827235312717439,0.83,0.05
562,1.05953968504556,0.0833300700023968,0.84,0.05
563,1.05693526041876,0.0797146898563799,0.81,0.05
564,1.04650412854761,0.0818241429287801,0.84,0.05
565,1.0615251548556,0.0885671837766195,0.91,0.05
566,1.05690594981461,0.080182735676567,0.82,0.05
567,1.02217481909039,0.0788488493540319,0.81,0.05
568,1.02852972747394,0.0867867024921626,0.89,0.05
569,1.0702425710503,0.0811756715880236,0.83,0.05
570,1.06384734824416,0.0854886385323448,0.86,0.05
571,1.06694675572522,0.087813605018383,0.88,0.05
572,1.06858833670495,0.080851363332655,0.83,0.05
573,1.03637620804438,0.0791623818618723,0.81,0.05
574,1.0814955223099,0.0858738055713826,0.89,0.05
575,1.02866023314195,0.0865961725208735,0.87,0.05
576,1.04009168296392,0.0893674471626159,0.9,0.05
577,1.06068060019466,0.0836350052757415,0.84,0.05
578,1.04794025831462,0.079867750353698,0.81,0.05
579,0.998774862659982,0.0829091076695353,0.84,0.05
580,1.01487902372292,0.079591110173658,0.8,0.05
581,1.05704941606329,0.0827664295911164,0.84,0.05
582,1.04507728231287,0.08293874624057,0.83,0.05
583,1.07115760838913,0.0846669155859542,0.85,0.05
584,1.06680721749457,0.0822537752870285,0.83,0.05
585,1.09196173907529,0.0910017763486306,0.9,0.05
586,1.11060120911558,0.0879478836559959,0.88,0.05
587,1.12297068359592,0.0881928645161876,0.88,0.05
588,1.0714367042778,0.0816849238907509,0.82,0.05
589,1.09525748840265,0.0886128406619218,0.88,0.05
590,1.09173952205412,0.0871897996339562,0.86,0.05
591,1.05691315887816,0.0804919236555088,0.82,0.05
592,1.04633015446603,0.0784840034293243,0.79,0.05
593,1.06270675326211,0.076877071215051,0.78,0.05
594,1.04523304156896,0.0849423983860918,0.87,0.05
595,1.00971661817355,0.084687702658481,0.86,0.05
596,1.04871232827086,0.0811211370904992,0.85,0.05
597,1.03939851575992,0.0807164893942521,0.83,0.05
598,1.06698412329877,0.0799233302912425,0.83,0.05
599,1.05452980694535,0.0821252854319703,0.84,0.05
600,1.06460397776318,0.0794929152322467,0.8,0.05
601,1.0619885429438,0.0810666024751295,0.82,0.05
602,1.05657085880209,0.0857788026317987,0.86,0.05
603,1.0572872071328,0.080420903203724,0.82,0.05
604,1.04254540167928,0.0824922800941298,0.85,0.05
605,1.04053102210063,0.0820076294776422,0.86,0.05
606,1.05404594553776,0.0798445441974098,0.82,0.05
607,1.03380542206953,0.0874758568699168,0.9,0.05
608,1.06271589219823,0.0795983401535732,0.82,0.05
609,1.05082629861216,0.0815165964211536,0.83,0.05
610,1.09937171824971,0.0916167347666537,0.91,0.05
611,1.06705369383202,0.0840041150157682,0.84,0.05
612,1.09396371834603,0.0900758696063649,0.89,0.05
613,1.07317605657797,0.0826124827481002,0.84,0.05
614,1.06402637137266,0.0824368161633475,0.83,0.05
615,1.04495096611609,0.0855233904392021,0.87,0.05
616,1.04037881995335,0.084301528689742,0.85,0.05
617,1.06937657905665,0.0798457873069514,0.81,0.05
618,1.02169970573285,0.076576121700366,0.77,0.05
619,1.04782623685085,0.0809909779169121,0.82,0.05
620,1.05094116622103,0.0775483488545873,0.8,0.05
621,1.07000079169428,0.0826832171518299,0.84,0.05
622,1.03842651845975,0.0799910356181308,0.81,0.05
623,1.07466150569434,0.0876986001168057,0.87,0.05
624,1.08439826587868,0.0826049759886971,0.83,0.05
625,1.06283241251401,0.0823828919324372,0.84,0.05
626,1.01896161650884,0.0865694016051432,0.87,0.05
627,1.06000059648264,0.082243371692262,0.83,0.05
628,1.04905818885612,0.0822927639368649,0.83,0.05
629,1.03425788417963,0.0837875297682056,0.84,0.05
630,1.05609706459395,0.0861963758645767,0.87,0.05
631,1.03949634515312,0.0854747672348127,0.85,0.05
632,1.02628658217687,0.0819823399187392,0.83,0.05
633,1.03657038686365,0.086864851121454,0.87,0.05
634,1.05340006510496,0.0934905574352918,0.94,0.05
635,1.07585598374071,0.0835369539347783,0.83,0.05
636,1.03804057455823,0.0850727605366668,0.85,0.05
637,1.06027926039231,0.0881229115851096,0.89,0.05
638,1.05427125552819,0.0758363741791651,0.76,0.05
639,1.04149802703265,0.0814379392838407,0.8,0.05
640,1.07622456431367,0.0882188433652786,0.87,0.05
641,1.08853344394606,0.0849809849072297,0.85,0.05
642,1.07176654862937,0.0833370877298,0.84,0.05
643,1.06352882565866,0.079018160280857,0.79,0.05
644,1.06047031670986,0.0820746511390159,0.84,0.05
645,1.04448004021995,0.0832992188513226,0.84,0.05
646,1.09279263503047,0.0879112965065802,0.9,0.05
647,1.04882576363718,0.0833165932700368,0.85,0.05
648,1.04978835960512,0.0758560998913266,0.77,0.05
649,1.04670213860468,0.0850267889617107,0.86,0.05
650,1.04613395338835,0.0799245195256559,0.81,0.05
651,1.03644784531681,0.0868085044225921,0.88,0.05
652,1.0441644467162,0.0902135276033032,0.91,0.05
653,1.05198581376246,0.0815059980188582,0.83,0.05
654,1.05315772929829,0.0825464854573817,0.84,0.05
655,1.03039901601656,0.0842416177238601,0.85,0.05
656,1.04453893844942,0.0812823665302199,0.82,0.05
657,1.03927697230549,0.0852526734475143,0.87,0.05
658,1.0442129101821,0.0817506798086739,0.83,0.05
659,1.03946878116541,0.0840938274207658,0.85,0.05
660,1.06493299031597,0.0795542558772769,0.81,0.05
661,1.06921823800255,0.0899309204669356,0.91,0.05
662,1.05544139156453,0.0855362339408488,0.86,0.05
663,1.07271612504797,0.0770927206723755,0.78,0.05
664,1.05893178607579,0.0852080097229283,0.88,0.05
665,1.04250062999598,0.0809411625878973,0.82,0.05
666,1.07431264347232,0.0830915426955738,0.85,0.05
667,1.0512742075669,0.0826396468866666,0.84,0.05
668,1.07616381902504,0.0838142244943259,0.86,0.05
669,1.07839872757043,0.0834344136832333,0.85,0.05
670,1.05139295407347,0.0784701908182397,0.81,0.05
671,1.08425240030812,0.0836949173318668,0.86,0.05
672,1.05725779259161,0.0810291593862342,0.82,0.05
673,1.04939508785301,0.0794084372902992,0.8,0.05
674,1.03778208849832,0.0847715809450153,0.86,0.05
675,1.03891144340155,0.0795943079001648,0.8,0.05
676,1.04587582421709,0.0798178381581335,0.81,0.05
677,1.07319383821837,0.0886265231108313,0.89,0.05
678,1.04233157289502,0.0871937907775385,0.88,0.05
679,1.04518850973594,0.0851723036846141,0.86,0.05
680,1.0327775774033,0.086109715680789,0.88,0.05
681,1.04058763017703,0.0802767591745268,0.81,0.05
682,1.04621088119785,0.0839777857432443,0.86,0.05
683,1.04873733882805,0.082455751305904,0.83,0.05
684,1.08313737513715,0.08511113331288,0.88,0.05
685,1.04506313106747,0.0793613993023567,0.81,0.05
686,1.0576790219671,0.0806856312354374,0.83,0.05
687,1.03948864373478,0.0810246973016506,0.82,0.05
688,1.0277710767925,0.0846588425078757,0.86,0.05
689,1.03540844138612,0.0845247403823056,0.86,0.05
690,1.0399417049527,0.0817587813013459,0.83,0.05
691,1.02474869765594,0.0783231024391417,0.78,0.05
692,1.02937390924462,0.0861825245686014,0.87,0.05
693,1.02962789428419,0.0824707368705097,0.83,0.05
694,1.07517339443039,0.0830446029119333,0.85,0.05
695,1.08364177115481,0.0793477991099773,0.81,0.05
696,1.05852395924933,0.0815327679248393,0.83,0.05
697,1.09422781394017,0.0808741831093545,0.83,0.05
698,1.07569714457318,0.0886406878462139,0.89,0.05
699,1.09155338439242,0.0821112442134233,0.84,0.05
700,1.06440106708435,0.0840218669477489,0.85,0.05
701,1.0653485276544,0.0843552861880656,0.85,0.05
702,1.06357657038659,0.0820911158449259,0.84,0.05
703,1.09711097205089,0.0776951720795289,0.8,0.05
704,1.08667607714184,0.0845227597487174,0.87,0.05
705,1.04702591309013,0.0812453738745218,0.82,0.05
706,1.05562527855819,0.0779490919154158,0.8,0.05
707,1.062200598521,0.0824309245016267,0.84,0.05
708,1.05007695384287,0.0841769345226582,0.86,0.05
709,1.08640999705543,0.0757855563531707,0.79,0.05
710,1.03407853009017,0.0812852874693946,0.84,0.05
711,1.03470344762072,0.0762081560140518,0.78,0.05
712,1.07523523574499,0.0829964519028566,0.84,0.05
713,1.06335352479379,0.0816380316016816,0.83,0.05
714,1.06188307314468,0.0881376898954401,0.9,0.05
715,1.05925719510461,0.0873230655694026,0.89,0.05
716,1.05862709902697,0.0804536273711481,0.81,0.05
717,1.06272254817681,0.0846570345668576,0.86,0.05
718,1.06481566081198,0.0839085117525423,0.85,0.05
719,1.08278208927996,0.0853477310542649,0.86,0.05
720,1.06308193656274,0.0815626155828258,0.83,0.05
721,1.07296465904183,0.0856177711567617,0.87,0.05
722,1.0543053663339,0.0857983699433155,0.86,0.05
723,1.08583450047319,0.0802224766400763,0.82,0.05
724,1.04773457578588,0.0851217645520821,0.86,0.05
725,1.03342687186284,0.0806187550501858,0.82,0.05
726,1.0337422275798,0.0812561366559073,0.82,0.05
727,1.04947806562742,0.0804062123055867,0.82,0.05
728,1.06041621784113,0.0863178271509929,0.86,0.05
729,1.0444130697166,0.0814425959045147,0.82,0.05
730,1.08026042378755,0.0854185121404656,0.85,0.05
731,1.06820489152351,0.0847336346047217,0.84,0.05
732,1.06403540584232,0.0828480007851547,0.85,0.05
733,1.05856609348708,0.0773579648999911,0.78,0.05
734,1.04414617307381,0.0840385658200439,0.86,0.05
735,1.07792366777709,0.0873712502054774,0.88,0.05
736,1.03560591057825,0.083570076183647,0.85,0.05
737,1.03792079888744,0.0813287588315203,0.84,0.05
738,1.02284159742591,0.084367728580596,0.87,0.05
739,1.05863538936407,0.0808923056670717,0.83,0.05
740,1.06377005922861,0.0831869357282853,0.83,0.05
741,1.11275131627045,0.0823707251649466,0.83,0.05
742,1.08124759494963,0.0828638233742237,0.84,0.05
743,1.07082813617093,0.0823197529015947,0.83,0.05
744,1.05878145736298,0.0865182882686801,0.88,0.05
745,1.03074702429982,0.0838486321518794,0.85,0.05
746,1.06485532566916,0.0869626331255119,0.88,0.05
747,1.06488712564688,0.0879651200831051,0.89,0.05
748,1.0654130214612,0.0802071906592386,0.8,0.05
749,1.03220811802082,0.0835583007358222,0.86,0.05
750,1.07753516365478,0.0864389792820299,0.89,0.05
751,1.06499848143168,0.083414519209668,0.85,0.05
752,1.06540702048222,0.0837065931884227,0.86,0.05
753,1.05245903703401,0.0871843602228149,0.87,0.05
754,1.0346721737953,0.0808366470754296,0.81,0.05
755,1.06934952948297,0.0831601315872511,0.86,0.05
756,1.03574813461494,0.0847590806835651,0.85,0.05
757,1.05261291818633,0.0844111738520114,0.87,0.05
758,1.06347049101121,0.0833735721676143,0.84,0.05
759,1.05336457934199,0.0867326219518741,0.88,0.05
760,1.0483968026748,0.081190657872513,0.82,0.05
761,1.07123123470206,0.0825047497914575,0.84,0.05
762,1.05384979582142,0.0903048553078349,0.91,0.05
763,1.05380551595424,0.0830025871747251,0.84,0.05
764,1.04110102688982,0.0831658536002274,0.83,0.05
765,1.04664387660958,0.0847849465173014,0.86,0.05
766,1.05684872106617,0.0811507762840196,0.82,0.05
767,1.04835576510704,0.0823732066927852,0.83,0.05
768,1.02687093788914,0.0887973899047781,0.9,0.05
769,1.03847018157833,0.0837435043177165,0.84,0.05
770,1.07143541413197,0.0792591940968234,0.81,0.05
771,1.05615309838921,0.0802724391879732,0.82,0.05
772,1.06555913443547,0.0819744353142731,0.83,0.05
773,1.05333729542978,0.0774844267144259,0.78,0.05
774,1.06763588975564,0.0812252360705867,0.82,0.05
775,1.06156073299862,0.0832366161346477,0.85,0.05
776,1.04798067642789,0.0851658741055614,0.85,0.05
777,1.0795558906101,0.0857430933451864,0.86,0.05
778,1.0863948190641,0.0806991811654566,0.82,0.05
779,1.05404833361965,0.0791579724653305,0.8,0.05
780,1.05391191537499,0.0858237732897735,0.87,0.05
781,1.08451371135507,0.0806122984324806,0.83,0.05
782,1.04152286414917,0.08271517451206,0.84,0.05
783,1.04583749468002,0.0860288883332191,0.87,0.05
784,1.08347624185074,0.08780142030522,0.9,0.05
785,1.03590501286653,0.0801090080887074,0.81,0.05
786,1.03393191256858,0.0837807311814086,0.84,0.05
787,1.02826003637127,0.0838255806249026,0.84,0.05
788,1.03983250231699,0.0843204912840882,0.84,0.05
789,1.0361191303286,0.0868807336940396,0.87,0.05
790,1.05700920190231,0.0778405666858452,0.79,0.05
791,1.04064900465073,0.0799099010721232,0.8,0.05
792,1.06821223725612,0.0775060106652201,0.8,0.05
793,1.06844961665969,0.0890401523900886,0.91,0.05
794,1.08267251680602,0.0762183591342738,0.78,0.05
795,1.06756374396005,0.0768280851168291,0.77,0.05
796,1.07135067337041,0.0830648382504236,0.85,0.05
797,1.07640436066068,0.0787313913347861,0.8,0.05
798,1.08851845404343,0.0871567826087639,0.9,0.05
799,1.05194587161473,0.0835378487831051,0.85,0.05
800,1.07993880771247,0.0796509594153521,0.82,0.05
801,1.07943433070647,0.086689485056523,0.89,0.05
802,1.1049160695254,0.084374415525034,0.86,0.05
803,1.04575520059939,0.0791113133169035,0.81,0.05
804,1.06715282976312,0.0742382831054913,0.76,0.05
805,1.06702689308951,0.0859114944215656,0.88,0.05
806,1.0864805099515,0.0824269817332151,0.84,0.05
807,1.04068697099476,0.0823401909047836,0.83,0.05
808,1.09080224409109,0.0827347603951799,0.86,0.05
809,1.07243367445387,0.0847209668563939,0.86,0.05
810,1.08967988802218,0.0804767492520694,0.82,0.05
811,1.05776262836634,0.0831361866153154,0.84,0.05
812,1.06165645177214,0.0848970691766008,0.87,0.05
813,1.08079380456388,0.0866456357057368,0.89,0.05
814,1.08753762805581,0.0805320073012658,0.83,0.05
815,1.07288998996712,0.0811606459377611,0.83,0.05
816,1.07234005284237,0.078310145972822,0.8,0.05
817,1.06757353263029,0.0879155354703001,0.9,0.05
818,1.08162591736064,0.0833218345433871,0.86,0.05
819,1.08843096622946,0.085309538149576,0.86,0.05
820,1.08117010765227,0.0799964664858765,0.82,0.05
821,1.10235561074567,0.0853151141392034,0.85,0.05
822,1.09695927983962,0.0849826432100635,0.85,0.05
823,1.08056180775653,0.0843075038644748,0.85,0.05
824,1.10212547293073,0.0807397675222417,0.83,0.05
825,1.05965852408578,0.0850830490097988,0.87,0.05
826,1.02094763200871,0.0844758076324766,0.85,0.05
827,1.05362446458877,0.0870855787643018,0.87,0.05
828,1.02782172421028,0.0891266886603503,0.9,0.05
829,1.06780452224725,0.0794313041771655,0.81,0.05
830,1.08991813787074,0.084418936568741,0.85,0.05
831,1.08284272430834,0.0851634378162499,0.87,0.05
832,1.06703239548892,0.0868794672185137,0.88,0.05
833,1.04450430893064,0.0838648484550516,0.85,0.05
834,1.04991671611039,0.0903283225784936,0.92,0.05
835,1.03451867257664,0.0875363953668336,0.88,0.05
836,1.032393609631,0.0774340925098446,0.78,0.05
837,1.07901877359984,0.0817579635038854,0.84,0.05
838,1.07994504992549,0.0835955850639223,0.86,0.05
839,1.04552900238082,0.0801179332458774,0.81,0.05
840,1.03859712634926,0.0851157896430737,0.86,0.05
841,1.03494814941177,0.0872290594531204,0.87,0.05
842,1.06473662467258,0.0815514135842924,0.83,0.05
843,1.07598096963599,0.0903483890039772,0.92,0.05
844,1.08445245900715,0.0776731669037315,0.79,0.05
845,1.07213055357802,0.0859170406086804,0.88,0.05
846,1.05412591135167,0.0853682683103766,0.86,0.05
847,1.06625892707851,0.0798838402275199,0.82,0.05
848,1.05334140998344,0.0877951212290037,0.89,0.05
849,1.04882319411166,0.087691020335222,0.89,0.05
850,1.05937136681443,0.085391590106399,0.86,0.05
851,1.03846016101421,0.0807461294835346,0.81,0.05
852,1.05767349442891,0.0783414321870653,0.8,0.05
853,1.06822236091448,0.0754340357312494,0.78,0.05
854,1.04383872883704,0.0843362917552604,0.86,0.05
855,1.05616234464474,0.0797230377611917,0.81,0.05
856,1.06524207729833,0.0852723784314755,0.87,0.05
857,1.06868598877001,0.0838225680544157,0.86,0.05
858,1.06810577393752,0.0829676468457394,0.85,0.05
859,1.05014643523569,0.0837917530233597,0.86,0.05
860,1.065675285262,0.080183668483577,0.82,0.05
861,1.08322320514964,0.081468015786675,0.82,0.05
862,1.06116095625092,0.0834610999519023,0.84,0.05
863,1.0810037685012,0.0824999093620747,0.85,0.05
864,1.09059584549325,0.0803639924737066,0.83,0.05
865,1.07672505485437,0.076813988245932,0.79,0.05
866,1.070130805571,0.0858506128664349,0.88,0.05
867,1.04557711247966,0.0816188488027094,0.83,0.05
868,1.06131656024425,0.0835101819164655,0.84,0.05
869,1.08269893346372,0.0852788793273089,0.88,0.05
870,1.06245470337264,0.0834647961363651,0.86,0.05
871,1.07382402027096,0.0821259155812915,0.84,0.05
872,1.10532488838284,0.0871413894163818,0.9,0.05
873,1.03186044012833,0.0804707386023618,0.81,0.05
874,1.0334341721709,0.0808072572572844,0.82,0.05
875,1.02384218891232,0.0816988078460901,0.82,0.05
876,1.04221129377032,0.0826181802125187,0.84,0.05
877,1.03736732648658,0.0797494575736048,0.8,0.05
878,1.0438447572531,0.0785335854363715,0.79,0.05
879,1.05538074367358,0.0863336577930007,0.88,0.05
880,1.04287218804859,0.0817984798089564,0.83,0.05
881,1.0359307264322,0.0777639825377989,0.78,0.05
882,1.06090022596052,0.0794972416817285,0.81,0.05
883,1.0638514931585,0.0807928417486165,0.82,0.05
884,1.06463954907043,0.0857558048345869,0.87,0.05
885,1.06164911352148,0.0884370002511779,0.89,0.05
886,1.0828090587935,0.0848815107090803,0.87,0.05
887,1.08898963144059,0.084782949360622,0.87,0.05
888,1.05874554659175,0.0868344711916316,0.89,0.05
889,1.0435038132381,0.079787123893609,0.81,0.05
890,1.03158528682168,0.0874118534334899,0.88,0.05
891,1.04385185856634,0.0860806626501743,0.87,0.05
892,1.04525000825898,0.0837444372228395,0.85,0.05
893,1.04333172548363,0.0896839118336951,0.9,0.05
894,1.06585718419015,0.0771487197262414,0.78,0.05
895,1.02987166461386,0.0799867567100395,0.8,0.05
896,1.05752796663104,0.0875773220388052,0.88,0.05
897,1.06327281003181,0.0792907925436213,0.8,0.05
898,1.05139691811071,0.0867074217876114,0.88,0.05
899,1.08258094604655,0.0831363767465259,0.84,0.05
900,1.06040786913301,0.0810302208298225,0.82,0.05
901,1.04444489086422,0.0849667191140712,0.86,0.05
902,1.04556696130882,0.0859302793559345,0.87,0.05
903,1.06197549013829,0.0812287589976252,0.83,0.05
904,1.07152465523361,0.0788667422070359,0.81,0.05
905,1.04981671824958,0.0814366184533186,0.82,0.05
906,1.06140150265018,0.0798744296015146,0.81,0.05
907,1.05768834372615,0.0866205933771349,0.87,0.05
908,1.09235760115566,0.0903241630099916,0.91,0.05
909,1.11005707113905,0.0860216358504431,0.85,0.05
910,1.10865097060424,0.0894106736402164,0.89,0.05
911,1.12681996640194,0.0840360509649885,0.84,0.05
912,1.13691858011612,0.0849304907020986,0.85,0.05
913,1.04597168867323,0.0870424692211181,0.87,0.05
914,1.1138905684036,0.089678487978003,0.89,0.05
915,1.10059952967499,0.0895650112765429,0.89,0.05
916,1.02859979275076,0.0804541079105554,0.8,0.05
917,1.07973956454134,0.0839807076412833,0.85,0.05
918,1.06194029984187,0.0836770554355227,0.84,0.05
919,1.07644524531078,0.0822199478391876,0.83,0.05
920,1.06796622226986,0.0812638974807724,0.82,0.05
921,1.08606020294267,0.0850459039914892,0.86,0.05
922,1.08787456913548,0.089516895875924,0.89,0.05
923,1.07598839316396,0.0873771361923177,0.87,0.05
924,1.05358779675239,0.0874248111347972,0.88,0.05
925,1.04993846713794,0.0826189699153755,0.85,0.05
926,1.03298149142387,0.0795078547919991,0.81,0.05
927,1.08467626984639,0.0846993127387315,0.85,0.05
928,1.11253571327095,0.08713025458489,0.87,0.05
929,1.10967798094354,0.0854385589673921,0.85,0.05
930,1.08420220999316,0.0882918095557786,0.89,0.05
931,1.06754420190473,0.0839509851536229,0.85,0.05
932,1.04312825211025,0.0790632860651365,0.81,0.05
933,1.05382029434811,0.0879630655114689,0.88,0.05
934,1.05140103634469,0.0826084889757904,0.83,0.05
935,1.07119862390861,0.0837238666696057,0.85,0.05
936,1.09327495485736,0.0867687985223625,0.88,0.05
937,1.07174262430708,0.0825286339099056,0.84,0.05
938,1.05817852140117,0.0803946879371163,0.81,0.05
939,1.01172218679113,0.0831663169187822,0.86,0.05
940,1.0403175836869,0.0792668171963941,0.83,0.05
941,1.08889584435296,0.0850824604822959,0.86,0.05
942,1.0836668290133,0.0792548829640218,0.82,0.05
943,1.04607181319449,0.0806953897629178,0.81,0.05
944,1.08576181196644,0.0836351988967959,0.85,0.05
945,1.07716663111492,0.0785977154572197,0.79,0.05
946,1.07046247262172,0.0849351385440354,0.88,0.05
947,1.06927634944934,0.0825947482290294,0.85,0.05
948,1.08321247332054,0.0815690467684807,0.84,0.05
949,1.07831146666188,0.0847021365541057,0.86,0.05
950,1.04878156718261,0.0796516724589801,0.8,0.05
951,1.06740240956531,0.0802039012371734,0.81,0.05
952,1.07584421530621,0.0858369823600556,0.87,0.05
953,1.06657870916432,0.0853964451362696,0.86,0.05
954,1.08413846876577,0.078257732273703,0.79,0.05
955,1.08609458248665,0.0899741464793144,0.91,0.05
956,1.07741804097347,0.0847405730804866,0.86,0.05
957,1.07278890192623,0.08282594995125,0.84,0.05
958,1.071703404464,0.0854055633984923,0.86,0.05
959,1.07390740208546,0.0761249866169701,0.78,0.05
960,1.05696014722862,0.0905309273055396,0.9,0.05
961,1.09452561595612,0.0827230374927,0.83,0.05
962,1.11819142872514,0.0900152086933193,0.9,0.05
963,1.06734588570013,0.0792831032909063,0.8,0.05
964,1.07513683304573,0.0833458293749748,0.84,0.05
965,1.07784805032181,0.084077872459745,0.84,0.05
966,1.08247565141392,0.0790905961293263,0.8,0.05
967,1.06457157326828,0.0865014157426782,0.88,0.05
968,1.05634222835988,0.0850864375464713,0.86,0.05
969,1.04995912217694,0.0826437853585832,0.84,0.05
970,1.04969719934322,0.0870095193338801,0.88,0.05
971,1.0670972995167,0.0782694503805073,0.81,0.05
972,1.07477643190209,0.0778818301173968,0.79,0.05
973,1.09090494034063,0.0823757858765599,0.84,0.05
974,1.06410118997565,0.085189492519705,0.86,0.05
975,1.07913539560188,0.0818346406103161,0.83,0.05
976,1.06302429847605,0.0833138809361212,0.84,0.05
977,1.09798825464159,0.0797609836262317,0.81,0.05
978,1.06487530114643,0.0787436242590379,0.8,0.05
979,1.07455887874869,0.0880730027329166,0.89,0.05
980,1.06054779367639,0.0818396831536269,0.83,0.05
981,1.06955048195022,0.0756523637048244,0.77,0.05
982,1.09628796223348,0.0879883097441357,0.89,0.05
983,1.0789567260026,0.0791009868745709,0.81,0.05
984,1.04333181889572,0.0835688313591542,0.85,0.05
985,1.07127629523896,0.0782679208719229,0.79,0.05
986,1.07856375162783,0.0846037185430902,0.86,0.05
987,1.0686372937616,0.0827690969126545,0.83,0.05
988,1.09198722186926,0.0849267079666807,0.86,0.05
989,1.07962205553741,0.0789482752497643,0.8,0.05
990,1.0681546074937,0.0874305351007061,0.88,0.05
991,1.02883357883992,0.0845760176961749,0.85,0.05
992,1.04343335579945,0.0805030787640302,0.82,0.05
993,1.04637713555008,0.0761310429564735,0.77,0.05
994,1.06750885878066,0.0784793988410763,0.79,0.05
995,1.09392193438586,0.0851705342089117,0.86,0.05
996,1.04933789645707,0.0782369243489551,0.79,0.05
997,1.06214668476688,0.0839609580754775,0.83,0.05
998,1.06836307129411,0.0845151615802261,0.86,0.05
999,1.093777706026,0.080448303125839,0.81,0.05
1000,1.04898802700606,0.086805874705117,0.88,0.05
