Iteration,Agent_1,Agent_2,Agent_3
1,0.528513295316611,0.517901962388108,0.482683752619072
2,0.505362362517063,0.513011030473666,0.479422371278093
3,0.475048126408332,0.510704632447078,0.477499974939029
4,0.472439850890443,0.392610496402888,0.476582124601453
5,0.4510023279466,0.391581602461967,0.475786629533772
6,0.3951889842778,0.39028508895314,0.474783792740156
7,0.393742441646081,0.389054933754191,0.474533186079371
8,0.391364688201293,0.387232210443488,0.473088238885115
9,0.390994298259064,0.386746669114626,0.458296706526401
10,0.390507698674356,0.382137783345721,0.457091115952396
11,0.390494176734046,0.397602490859808,0.455816486315171
12,0.390197957459967,0.397612499403071,0.454010196124197
13,0.384342437863591,0.393112674482434,0.452760334438531
14,0.378556063769884,0.390986904666454,0.451941333233523
15,0.377714886367087,0.386744423887738,0.450810454199557
16,0.377065557691471,0.381079538983214,0.449022844873065
17,0.375541938139307,0.376098844742706,0.448284868399106
18,0.370694847419511,0.353734634468382,0.430741969564017
19,0.368449360590294,0.352692129493525,0.43057197325696
20,0.367607447102114,0.333658676027896,0.430035658656714
21,0.366632017907504,0.332089609287225,0.417385006685772
22,0.365850842455504,0.340494548380024,0.417488136995891
23,0.365410075200654,0.340597354284031,0.415563061983615
24,0.363300286455821,0.347366298585636,0.414420452483992
25,0.358502503530472,0.347288452840257,0.414453911478945
26,0.358815975716433,0.34806590227182,0.403902976394076
27,0.358845068890101,0.346949972666662,0.403408196063888
28,0.359448696602024,0.346268640710541,0.402342918113569
29,0.358194447495673,0.34138426745906,0.401488208832141
30,0.358483924599102,0.342672351133826,0.400550201898436
31,0.357173386673905,0.342163293001249,0.399966889633635
32,0.357243920938914,0.335281223852735,0.399443351901129
33,0.357276185267288,0.336214013312061,0.399252592961113
34,0.357537293816362,0.335166640850372,0.398925158229564
35,0.35747563534465,0.336576289900117,0.383287644594118
36,0.356812532960779,0.336412413919803,0.367532544871848
37,0.356683148464663,0.338984505465839,0.367029761713197
38,0.353211152937397,0.339274619526053,0.366725712480469
39,0.348773431860853,0.338312089919376,0.366144389035075
40,0.348673321721743,0.340453560192478,0.36537278064679
41,0.347265420130637,0.33841387760895,0.356969723821811
42,0.348028484928061,0.337220950119004,0.355507700867587
43,0.340755168545181,0.33368597262254,0.354671561172553
44,0.340148895751176,0.333644376135908,0.355023076887781
45,0.339326262383262,0.335530455388107,0.355127443071574
46,0.33959164572588,0.335733289018806,0.362086281025243
47,0.339729616702782,0.336309430436133,0.3618093405613
48,0.338940217311061,0.333342668313697,0.361338188146634
49,0.337458199473476,0.332291750811062,0.360355209234064
50,0.337650019623409,0.33410560416159,0.360043904691821
51,0.337465142190344,0.333261241502562,0.359630137658695
52,0.337736138083901,0.331294079828759,0.350722084378594
53,0.337948843395905,0.327376981969505,0.350520248522136
54,0.339077150345909,0.327410715117442,0.350344859803963
55,0.337613185775187,0.325325802953567,0.349976850592992
56,0.337706839065843,0.320842663999715,0.345883669925379
57,0.336015195101611,0.320340901486053,0.345964531716867
58,0.335805262084942,0.320049591855935,0.346000178748383
59,0.335510662355776,0.320293271808742,0.34469242653261
60,0.33445193704142,0.315396986519004,0.343813709987814
61,0.334450739828037,0.315358031670739,0.34415252692885
62,0.333152761562601,0.314719797124986,0.344013095525193
63,0.332493495837556,0.314471039905644,0.343803432606827
64,0.331732617917885,0.314254651183688,0.343558728293662
65,0.33261425679127,0.313352572230453,0.342390361751345
66,0.332900377001454,0.312079773311584,0.342347754517287
67,0.332545465583902,0.311372964480961,0.342372829186346
68,0.3326793991519,0.309917864258002,0.34555029330969
69,0.332058516931596,0.308102777862849,0.344417655022235
70,0.332283298204338,0.308868841299732,0.344201174726344
71,0.332560431839729,0.307766544078707,0.343549737920595
72,0.332378176262483,0.309374327786567,0.343756730204839
73,0.332738789539627,0.308550538619235,0.343877943353255
74,0.331401865828034,0.306524566920257,0.343399202980681
75,0.324240283079372,0.306830088248021,0.342889295601269
76,0.323857847925063,0.307902879339268,0.342973044202
77,0.323617926747423,0.308214123901932,0.342889712486702
78,0.323146315223158,0.306428821905477,0.343265640363985
79,0.323331672943501,0.305584975777374,0.342526206575387
80,0.323421530893653,0.301744325493076,0.342520755418158
81,0.32368476613197,0.300720229544839,0.341710898975597
82,0.324275495466614,0.299707657749691,0.341908934746007
83,0.323861641995157,0.298100761150683,0.340468036774045
84,0.323644079027146,0.29889965385915,0.340391671434427
85,0.323732792206033,0.301152818187536,0.347761426963214
86,0.323945771278295,0.299453102993194,0.348215970399197
87,0.322806661762503,0.299288291864024,0.347212984874151
88,0.322402206866242,0.296088821588071,0.347097532284419
89,0.321956253869651,0.295408533883722,0.345891318030081
90,0.320562203552662,0.294454261067543,0.345662001959726
91,0.320312609731298,0.295085743080921,0.344875876318025
92,0.319688882901079,0.295044778136378,0.344691794703634
93,0.319597482942795,0.296376705877454,0.344261382718064
94,0.318886574713665,0.296306804201997,0.343561839496126
95,0.319328488962666,0.296655527674133,0.342839923408331
96,0.318861326497046,0.295258928485001,0.342221718972991
97,0.319255509976006,0.295067420676282,0.356216903768982
98,0.318114286820792,0.294712641664961,0.35224520356752
99,0.317305940266176,0.292154535779946,0.351973184024646
100,0.318004606494522,0.292865401588309,0.350902704610427
101,0.317828632952374,0.291503578739493,0.34931113382363
102,0.31660525914646,0.292813048759162,0.342398155251832
103,0.316207197451979,0.290809108331031,0.341403111690624
104,0.317288593656918,0.289569366096298,0.337680798399373
105,0.316929977894503,0.29033964261699,0.333153241638994
106,0.315882577522803,0.290364485660364,0.333409744921159
107,0.315402328026577,0.289465916832399,0.333119506118706
108,0.314636268161514,0.287637787258648,0.332330287649391
109,0.315852810852845,0.286772209533003,0.331299570883359
110,0.315365583088127,0.285268962742769,0.3298941591872
111,0.31527402778163,0.284868305555065,0.329886834067582
112,0.314592658120582,0.284582440506262,0.331782169099494
113,0.313842432956316,0.285675084083271,0.321880397632933
114,0.313352679865499,0.283499227828114,0.326083529554117
115,0.312959197861444,0.283333280543386,0.325417466701941
116,0.312883204496591,0.281892089468939,0.326168435249301
117,0.313103795310307,0.281097588620872,0.324474774231227
118,0.313123461897347,0.277740364231317,0.322948392331252
119,0.312854831490208,0.277151459810239,0.321763993269294
120,0.312149037218521,0.275967825602267,0.321244473193668
121,0.311390571741684,0.276251152978741,0.320969331154458
122,0.311731532522132,0.276717560683539,0.321237954896126
123,0.312119472587715,0.275174743579585,0.320975998458967
124,0.310451569487333,0.274566928110104,0.32121009534619
125,0.308846396839489,0.273740033689534,0.314926424766278
126,0.31156510203026,0.274121622453585,0.313453787465352
127,0.311062431023579,0.275239671883659,0.314258044295142
128,0.311056481791048,0.276409298663136,0.315033964826267
129,0.31190652253785,0.276500409369661,0.315333701160767
130,0.308874456206258,0.277616386666099,0.314409437904162
131,0.308089292333557,0.275264924843693,0.314032219037908
132,0.307145951023346,0.272410997651067,0.313475053183254
133,0.306472590180035,0.273301380486064,0.312533790090305
134,0.306750853525571,0.271731562017002,0.318406419603973
135,0.306242138018709,0.272283024558505,0.317717626869559
136,0.305285954210187,0.269892661343576,0.315119190562299
137,0.304625801051337,0.270974651905605,0.314853635208553
138,0.305501465862224,0.270557398723581,0.314085786090723
139,0.305266474286049,0.269382454788106,0.313822290308948
140,0.30626141539242,0.267480895429794,0.312767980930736
141,0.30691946982932,0.268375661553846,0.311909572379311
142,0.306609605123601,0.267106162943911,0.312045622493226
143,0.306285773252799,0.268835648368777,0.311821045379265
144,0.302224005072478,0.268525466949324,0.31105623994091
145,0.302576517035264,0.274560064178659,0.309604260691374
146,0.302757468225231,0.274388618946898,0.310385172809368
147,0.303156825584865,0.266167633528802,0.31223270208631
148,0.302916249089574,0.262556147313806,0.310849311444463
149,0.300478020583293,0.264182955053362,0.310560617797981
150,0.300581835813118,0.261647834403674,0.311055773279413
151,0.300435202947738,0.262242150684188,0.309906425637926
152,0.301081257702755,0.263426380998056,0.308813281478187
153,0.301457545765931,0.264962909817232,0.307969986636006
154,0.303230375598663,0.264247010471345,0.310011466353119
155,0.303598849242277,0.263326268541978,0.30930450314877
156,0.302405881323801,0.267914269744238,0.307259337382234
157,0.301270933739598,0.267670445796826,0.306163123597716
158,0.302732956501532,0.266305578912135,0.305094654313279
159,0.302472730909087,0.268575367482866,0.304313380631229
160,0.3007273728297,0.267514876306215,0.303630606086693
161,0.300794774486311,0.265013319696737,0.30147727223203
162,0.299601809859327,0.263233164862606,0.300077656957786
163,0.299862657939235,0.266473868338156,0.299851506892023
164,0.299751572132437,0.266565126312589,0.300135063342173
165,0.300229002510035,0.268895033676894,0.299756332071939
166,0.297676335484013,0.268414550747117,0.298992058198929
167,0.297200079475981,0.268168932218074,0.297993283549991
168,0.294291151350533,0.2665168740733,0.296689617479035
169,0.296000882673392,0.26593770425132,0.296206671273108
170,0.297693967817742,0.253808068899106,0.295437734431318
171,0.297391542514745,0.253689529292447,0.294316030958306
172,0.297320300084123,0.251111617308121,0.292536536677986
173,0.297968312842606,0.25512739845594,0.290657553192439
174,0.297643611908618,0.253447403955154,0.289159302565371
175,0.297784453819232,0.252529860172233,0.288270357456206
176,0.298460612306346,0.255385971485987,0.287409141996
177,0.299513368395913,0.257366958810421,0.286355497941365
178,0.298238616475468,0.254985996964128,0.284174478387328
179,0.29705585320083,0.252456665113151,0.286379747885005
180,0.2975240509957,0.248052574952801,0.285360534435824
181,0.297948212418717,0.24731448222803,0.284501044153704
182,0.297708118605028,0.245613379917834,0.283902620436345
183,0.298330081244072,0.243808347281393,0.282647525807739
184,0.297264416203349,0.243434577704657,0.281586574833719
185,0.300381476834376,0.243520769999784,0.273688924036392
186,0.29978042632077,0.242227160633423,0.273005461590922
187,0.298926002869659,0.242272199529994,0.271163557001244
188,0.298677389747111,0.240745381002037,0.269514111487637
189,0.297784555099614,0.238439785517926,0.268819569316539
190,0.297861934192491,0.239627317188865,0.267838200455721
191,0.296147174354938,0.237851308771752,0.267117732440777
192,0.29682927437371,0.236799996889892,0.266614320405495
193,0.297409349209052,0.239593459255235,0.264982838582181
194,0.296298975202167,0.235692142230736,0.26326195606269
195,0.296990029910076,0.235942058720396,0.26174684563754
196,0.296356487000995,0.241042266215282,0.261708584817288
197,0.295578186171923,0.241892578646957,0.27009847134013
198,0.296049731632379,0.240866263477973,0.26963207004982
199,0.294139956680802,0.240783146897684,0.268894289562128
200,0.293627222018673,0.239935980879916,0.267466347791718
201,0.2940931472199,0.23984370135561,0.266048491016432
202,0.294572224497098,0.233453762143797,0.26356570377765
203,0.293911472967388,0.246304208987148,0.262756487396936
204,0.294495310690748,0.244687801909021,0.262876888287277
205,0.293152419947075,0.247811254164118,0.261210126956568
206,0.291833800199844,0.246971764092801,0.260131621001263
207,0.291901941922089,0.245558394073053,0.25966596568094
208,0.292346596862265,0.243166572096166,0.25862554525187
209,0.293083339099666,0.242226537529142,0.257738996695639
210,0.291351374954981,0.241964363951812,0.256769278783832
211,0.291670841673101,0.235955723396165,0.266202262969873
212,0.29205376449486,0.235246242618371,0.265256793864553
213,0.289775712804511,0.234760766356066,0.264310415640319
214,0.290006424852824,0.232713080866682,0.263395903482667
215,0.291727093639779,0.232443945087282,0.26310175750169
216,0.289353231057958,0.236743536450437,0.261841523568378
217,0.289077526587198,0.239441395802278,0.261179855588686
218,0.290266075049127,0.237845410984861,0.260623413641462
219,0.289352135667612,0.23716240309858,0.259769290587188
220,0.289473668017239,0.237592741507396,0.258972365798165
221,0.289396983117725,0.229927366527333,0.253589584420293
222,0.289526580406982,0.233888593217004,0.253013558776568
223,0.289562688036249,0.230804006536078,0.251797743829662
224,0.289116019967197,0.233557239548227,0.25174764196433
225,0.288390824665103,0.229185866321143,0.250118674038018
226,0.289005355385114,0.228102878231998,0.249203324622703
227,0.289757832308239,0.239735641205078,0.248602354810873
228,0.288416510916939,0.23800800101287,0.248640502500457
229,0.28813462231811,0.232119444008705,0.247685950316083
230,0.287761422064868,0.229906808091647,0.246854977175659
231,0.28719738496491,0.229199005574575,0.245808095040234
232,0.287553570770459,0.223063800360965,0.244531222812635
233,0.286951852008695,0.222231759790333,0.244404036584107
234,0.28734873792542,0.220950163443098,0.243259379360171
235,0.286616083111189,0.218417457479449,0.243205573612037
236,0.288292102999156,0.218309576023798,0.241675021676036
237,0.284827979613829,0.218670872954579,0.240121039466596
238,0.286488122016951,0.219964226931092,0.239661678477808
239,0.287098687178928,0.22023173004173,0.238435658389273
240,0.286307303918712,0.218506984693508,0.253153885073468
241,0.284865249112898,0.217573079352147,0.252914720049902
242,0.283730825858177,0.217082291932093,0.252117206540888
243,0.284198716973497,0.218242716581157,0.245415270730969
244,0.283623280609397,0.210945960164933,0.244713072831261
245,0.283288070060329,0.214154247459755,0.243891897625559
246,0.283656809826821,0.215066382472851,0.243083655401439
247,0.282836353934606,0.229148548518938,0.242404835998419
248,0.283350852382164,0.22950540489919,0.241439647975606
249,0.284109561360362,0.229976836251018,0.24098948903205
250,0.284262320763865,0.229902585313181,0.240583685067848
251,0.284038340120375,0.233194696585292,0.240259620671032
252,0.283533814958075,0.232077859737334,0.239309259283148
253,0.281424381362476,0.231992092326532,0.239000806750866
254,0.282586426430522,0.229079966326814,0.238372829353004
255,0.28134914638089,0.228110485635097,0.23680131776888
256,0.282501747031822,0.228536999893362,0.235818768259614
257,0.281643507822018,0.232786684891947,0.222071747820444
258,0.279880095129362,0.232846893699786,0.204380617597933
259,0.281483332537365,0.229455488065544,0.203363751730408
260,0.280663198834122,0.230466044896002,0.20184836371131
261,0.280435128505068,0.23217241811869,0.150349307102157
262,0.280292953619746,0.230724662905708,0.121815778610335
263,0.281271051148352,0.228841973374922,0.142297241913544
264,0.280417885625113,0.226753303324284,0.117405879175656
265,0.279568064165244,0.223787393775,0.155876640964016
266,0.279536224358654,0.226542631588553,0.153951530216061
267,0.278071072457983,0.222124573139055,0.152194039752568
268,0.277126226177546,0.21812284012444,0.150933141746416
269,0.274819704907966,0.211161417791269,0.149531505043121
270,0.276365373760399,0.206866132502518,0.147612333844343
271,0.27510473301008,0.205581677731568,0.142471023784115
272,0.278692338043065,0.204936388826107,0.140699362086754
273,0.280021536926947,0.21757280106989,0.13934442869059
274,0.279565054991635,0.203030907712621,0.137939584604034
275,0.279247779197211,0.217667139555231,0.150092438115399
276,0.275268457542745,0.216970445641596,0.148703580812116
277,0.273040205314704,0.208161823100043,0.119049088552494
278,0.273350580099742,0.210335844858059,0.117997274044164
279,0.273388056963418,0.202619749789734,0.0823675096008624
280,0.276781939151487,0.205654839783525,0.156767935355002
281,0.277084667078268,0.205613994587486,0.155186305410075
282,0.27703066878266,0.200804157523556,0.15386180371365
283,0.275686898346682,0.217196118952265,0.152189921222697
284,0.274486503287426,0.219185632316594,0.150553835602579
285,0.27454617575297,0.217595585257083,0.131056280566241
286,0.275117413544471,0.217208322642452,0.107061365644897
287,0.270469822155496,0.224917297095436,0.15154316447015
288,0.270235961328885,0.22644310458268,0.149896667711879
289,0.272226941659398,0.226845612267237,0.148693890681025
290,0.270204555339178,0.226749288298122,0.147519682786645
291,0.269357426940881,0.222588799331736,0.146123838066229
292,0.268790222860729,0.221707904622396,0.144534463852659
293,0.271545649180686,0.219352976580559,0.143331576155401
294,0.271983624030523,0.211661517342192,0.142058512047992
295,0.272132327261804,0.201624060187797,0.140569977633836
296,0.271285452730206,0.200570473544479,0.0909088266944278
297,0.270892615107742,0.199647207880631,0.0890841053561989
298,0.271016914424907,0.203265375586461,0.0874209529827832
299,0.27247038760746,0.205121095075441,0.0852905856337991
300,0.270971674660618,0.215924475037675,0.0839419237484918
301,0.270754995263624,0.216611290340766,0.0825326925317553
302,0.270566128703934,0.216365659667149,0.080227414701635
303,0.271590591835002,0.214914805472095,0.0809311701968173
304,0.27007038520817,0.203071110100546,0.0441878243853925
305,0.27046441866401,0.210757345115474,0.0306582325939364
306,0.270967444310316,0.209472925192906,0.0283866141253968
307,0.272831916680903,0.196162547826683,0.0264063829987766
308,0.270161557803772,0.190729083694679,0.0240419626465347
309,0.268598975537446,0.188300911137691,0.0228942363990234
310,0.266743482785356,0.187729459133514,0.0215934581276869
311,0.262576907552874,0.186501282525056,0.0193216100506199
312,0.264001401503215,0.189455569955922,0.0363447476979849
313,0.26371990606831,0.191175451585528,0.0161648090243917
314,0.266094228618007,0.190431438814783,0.0137348234032497
315,0.265418558882324,0.19052412400755,0.0123461198794376
316,0.26569012037363,0.189541554588175,0.00966465923501908
317,0.265211695192788,0.184259483728906,0.105279145198124
318,0.265039449943483,0.187013596539003,0.104134099118689
319,0.267034146928829,0.185594340775562,0.102495716411114
320,0.266117400949724,0.186037577173355,0.101133372092576
321,0.265702939236295,0.183905349618599,0.0996715879030811
322,0.264794809501659,0.185010585944223,0.0988562617129502
323,0.264296107527949,0.208590931944687,0.0979542344576914
324,0.264122994886591,0.198166148446294,0.0963846472959774
325,0.263422177357486,0.197350363368292,-0.0357651218892786
326,0.261966441326715,0.196448977361655,-0.0377053875345644
327,0.26438673084154,0.196517739842678,-0.040184314923745
328,0.265011155906356,0.193061574576775,-0.0425345390916685
329,0.264229385086509,0.192912650013065,-0.0451434284767043
330,0.263901030681299,0.193652023918729,-0.0479037746505332
331,0.261960165893463,0.190426286174173,-0.0892475816906576
332,0.261992892800736,0.190983129236233,-0.0922830468504972
333,0.262338235750834,0.190727051163486,-0.0949576254318918
334,0.262301987928636,0.168768256459096,-0.0973003037142939
335,0.262507966249497,0.175741387724615,0.0754451472634094
336,0.260344244365851,0.176506158484659,0.0120145069239683
337,0.257893077095117,0.2003565654944,0.0958697459983764
338,0.256781926426784,0.201369598673413,0.095060745288035
339,0.256604632152206,0.215864402746961,0.139870522026737
340,0.256271516834586,0.2164072649421,0.138774554273983
341,0.255682663186317,0.203977065542284,0.137946270150541
342,0.257758599763753,0.203750303257225,0.137134704651664
343,0.25572093606218,0.227001020272785,0.135816318218942
344,0.256558615447112,0.229282591204412,0.1347046121273
345,0.256466546610745,0.214324831336657,0.133768999874467
346,0.255846926973342,0.208407819888342,0.132719808456147
347,0.255176458010183,0.202900071514353,0.131712438050873
348,0.257093368919959,0.194004333751233,0.0919714571969224
349,0.257368455420943,0.194583681127406,0.0902091179258761
350,0.257373859482288,0.193534508929504,0.0889960666366227
351,0.253561390081808,0.193751104346716,0.0879102003627268
352,0.251616687509717,0.215540893469576,0.0865466798053718
353,0.249926770899405,0.214548143041331,0.0850544560920368
354,0.250699988135671,0.213110953405048,0.0839615914752272
355,0.249380014220672,0.200363267521532,0.0830088827526359
356,0.25018038877486,0.199034767477584,0.0817432901093436
357,0.247102410226735,0.188493823765188,0.054676826478695
358,0.249244731665592,0.169551737277373,0.0531068730096489
359,0.24840038703637,0.169387116038769,0.0516976676026498
360,0.248787949921182,0.168051730072796,-0.069575014375615
361,0.245679190998288,0.183811046478794,-0.0791339907019822
362,0.245664572895098,0.179680817178927,-0.0815232677315463
363,0.246832110985943,0.18001625170336,-0.0834225108435291
364,0.253777542589301,0.180460531917088,-0.0860034816725773
365,0.25327220082112,0.195533706079361,-0.109848286213063
366,0.252554565605542,0.181183710697017,0.0176114691312906
367,0.253238233327874,0.185000763021444,0.046881569619726
368,0.253799359291367,0.182839601889504,0.0144110936110194
369,0.251403504337415,0.181991824198862,0.0128887030537054
370,0.250838310986099,0.176090697264307,0.0209765078537656
371,0.25132435150884,0.174753790198281,0.0195465369329269
372,0.245660229087786,0.199936275473708,0.00817051996441753
373,0.236557811703404,0.197226490337978,0.00629991247362216
374,0.23695665243518,0.196369267026666,0.0560341712759984
375,0.236997605758101,0.194090072010527,0.0546671251789382
376,0.241564518076313,0.191951309504041,0.0533184432942575
377,0.246186952893255,0.200395954798683,0.0760660984913555
378,0.244789509228517,0.1991805173661,0.0747704808450726
379,0.245508762402309,0.197065594884536,0.0494135352232303
380,0.246002922932073,0.196568424472509,0.0482685755865081
381,0.245234920895372,0.195431512640128,0.0468282911862281
382,0.251813103955013,0.194054193615119,0.0457278892484721
383,0.252345182409697,0.204095139865671,0.0445159923480724
384,0.251628498651571,0.205239393273272,0.0446550373921571
385,0.253309689738239,0.205432117132889,0.0192219252244785
386,0.251915214876763,0.205931911169879,0.0174464567812292
387,0.251936742566145,0.162285744612281,-0.165850910053161
388,0.256058521355412,0.177892239898102,-0.167589537928933
389,0.255956407105724,0.176597549350831,-0.17002017965215
390,0.249864947557183,0.190436986084442,-0.172605281361866
391,0.249205696027441,0.164408246452255,-0.175691770637262
392,0.250717524083586,0.15699557595109,-0.179460099402299
393,0.253843413263736,0.183993512549596,-0.205587557915053
394,0.257416824179682,0.184654454854767,-0.208047884035506
395,0.257407959274167,0.180359107251345,-0.210251209199241
396,0.250090222360763,0.179938682582157,-0.212589750571811
397,0.249905395319632,0.177996804314276,-0.215245871869929
398,0.247877770754688,0.18095322077526,-0.217935516035471
399,0.247439867286753,0.196380156599866,-0.223711027186768
400,0.248315901867903,0.190476001180581,-0.341079384185012
401,0.249708290321963,0.191165909933562,-0.87208139675432
402,0.24605528666672,0.192126675763556,-0.60872275344866
403,0.246824211196126,0.192029411781904,-0.613335848245221
404,0.239445057937688,0.157881068335242,-0.617592864108022
405,0.240740204847569,0.157034021555358,-0.621924286216234
406,0.240700669075725,0.178112225343153,-0.626473931656678
407,0.239371833672149,0.16536765700715,-0.629362839745189
408,0.240098099630963,0.164567638464303,-0.634254915378914
409,0.238893783744123,0.163407069449595,-0.638844264396575
410,0.238370013816691,0.139414845512529,-0.64190736286858
411,0.23719434713189,0.139403973356224,-0.647801167070379
412,0.25086134355819,0.138701288402158,-0.652391159023421
413,0.247753901126903,0.147124250456346,-0.65792292701336
414,0.246616587037425,0.144748964457456,-0.663824525704373
415,0.243794317817616,0.147564948134322,-0.669215070411709
416,0.243241792235677,0.150674674772501,-0.674434510069062
417,0.245136819063356,0.160497656336379,-0.733051891235849
418,0.244049037466057,0.157630456118677,-0.518943373662982
419,0.243799265061218,0.146547546810835,-0.772211145862733
420,0.242415322402248,0.148150968340914,-0.595369224003908
421,0.242445875964762,0.141195210208253,-0.600012785489281
422,0.241456248454785,0.136396240153246,-0.604524587984594
423,0.230515237860348,0.146407064789288,-0.161362543109413
424,0.230571764038734,0.147333126000599,-0.16349507324298
425,0.228977025375408,0.142044671543108,-0.165927938059756
426,0.22969965946723,0.148844005970117,-0.0347534256832478
427,0.241111683922215,0.146964406924027,-0.0357916747935385
428,0.238401903409755,0.144994249030389,-0.0371233611995465
429,0.230452753406204,0.144929426347053,-0.0383024200307903
430,0.23017828517061,0.149830224499904,-0.0400520421892043
431,0.230279274318223,0.149361626299688,-0.0416139064802105
432,0.229470902497757,0.147600389425096,-0.0434558502535779
433,0.231426389068823,0.147991556802611,-0.0452176958299877
434,0.230639518138504,0.146160107838087,-0.0475068702096258
435,0.235650720913517,0.153628230126932,-0.0487023038096971
436,0.234724073679915,0.155038014595463,0.054453855317479
437,0.23590325037311,0.155182367628351,0.0534705669066523
438,0.234015940512099,0.15187590005643,0.0519057446114947
439,0.230049945729696,0.161111710233321,0.0501234027581001
440,0.229989038368963,0.139302513589055,-0.0644846082670396
441,0.230108095915945,0.13935354549302,-0.0652007663922724
442,0.229596592945821,0.137466838985887,-0.0676308286266232
443,0.230966286838744,0.138438484079628,-0.0694265149607671
444,0.229713390058735,0.138556843881715,-0.0709675634389262
445,0.232644688170237,0.1371220172968,-0.072114948289187
446,0.231256468954817,0.136780908018112,-0.0744584655531546
447,0.230264031085251,0.134534104002723,-0.0759853322201604
448,0.224581488863283,0.152818333327355,-0.0775155840275719
449,0.225325974421326,0.150572164206904,-0.144114658009043
450,0.224299239720599,0.149232603502156,-0.146198600737491
451,0.223432248011827,0.14988052933395,-0.147633743788464
452,0.223338251533587,0.149266839235981,-0.149206957086218
453,0.223111026589912,0.149781564456124,-0.00399277212774579
454,0.222626291172309,0.149432834705837,0.0346892727425868
455,0.222617878832379,0.149356976986944,0.0333794378742396
456,0.215893998479321,0.1456886719251,0.0316498217222461
457,0.212637400152593,0.144294933733053,-0.064315681534223
458,0.21163338394479,0.14331738036946,-0.0986760975267787
459,0.224618801699073,0.139636088894516,-0.100832588803747
460,0.224596624825343,0.12274355169629,-0.102966583756348
461,0.225752790377106,0.141367071409044,-0.0559010218628258
462,0.224807717226629,0.142024725458207,-0.0568496071067361
463,0.224653430012832,0.141363093888544,0.00698560811854027
464,0.224413605891495,0.151041918324001,0.00535579552579629
465,0.224148225417636,0.148701380334424,0.00371831798602612
466,0.222730391590947,0.147694758924621,-0.123922530268608
467,0.222305880340149,0.146256740518867,-0.205114558341709
468,0.221323484735831,0.157247316407922,-0.207537802902512
469,0.222415841394236,0.157532301012682,-0.209095544061436
470,0.221673837833126,0.135894865217466,-0.212207016660105
471,0.221383406491715,0.135972025032374,-0.213450442413219
472,0.221486894829073,0.124944276582417,-0.215926221703066
473,0.220328185838364,0.147765014631363,-0.218060699922134
474,0.229535336553953,0.148015802103988,-0.632238102604572
475,0.230187347052618,0.147786328341894,-0.634867766634277
476,0.230401343758001,0.140317813492257,-0.640071010554891
477,0.230684509624873,0.137474283848521,-0.64363994116006
478,0.222950634049143,0.149107092991375,-0.634974814273491
479,0.216931543455614,0.120821833512192,-0.638220993416314
480,0.221325437738337,0.120885814668357,-0.64118445367818
481,0.229107353146221,0.130800522756051,-0.645157350007952
482,0.228740241840161,0.128436432935816,-0.6496804646455
483,0.227046169710206,0.159295100452499,-0.65267446469514
484,0.226641077837392,0.15956757741778,-0.654768431674069
485,0.225720599366901,0.159616833150409,-0.658123798532972
486,0.21954677042993,0.159706539408793,-0.661348751124451
487,0.218893050271051,0.130334633663288,-0.665281708721991
488,0.220728247811197,0.128103165622997,-0.758223865606033
489,0.220951606572245,0.120652866369023,-0.702980747700355
490,0.236184100595927,0.158480783455465,-0.708319152479456
491,0.229004004876977,0.157112860562761,-0.71191111987003
492,0.229614475880629,0.144904364774662,-0.717166799923347
493,0.210278420728459,0.170085327400389,-0.783227026118785
494,0.211810168847619,0.169594638912971,-0.786136853342676
495,0.209526292258199,0.166120151048954,-0.457582387458756
496,0.204045974537548,0.147964415411441,-0.792666713011008
497,0.203710977681996,0.147108378511147,-0.752215720159834
498,0.203728075426164,0.145533681440343,-0.75749355496635
499,0.201776449212738,0.146160496793126,-0.7617292869453
500,0.207010317508692,0.147811736580514,-0.810818971485804
501,0.207985860827349,0.146897077003286,-0.816002128612357
502,0.209328899454705,0.148283883608756,-0.820028731093217
503,0.209610344867713,0.1505397596032,-0.823572546459072
504,0.21054194272585,0.122414057952555,-1.58159840327991
505,0.208445473440418,0.122508592401132,-1.58881500465569
506,0.208883800782523,0.0965911145172183,-1.59643131120797
507,0.20328854196958,0.0891091125537442,-1.60434197580149
508,0.202274718337495,0.0887844802078437,-1.91056951785059
509,0.18832405138745,0.087968166372771,-1.91923616890237
510,0.187205424425174,0.123743927407864,-2.01799615152556
511,0.184322166766447,0.118317640221314,-1.25167117559176
512,0.184468345491561,0.120422932204145,-1.25691799600498
513,0.185081209666423,0.100562454398214,-1.26376381117233
514,0.187409626380069,0.098399028796835,-0.518901553674814
515,0.187770436102523,0.0850532763597797,-0.520917128006348
516,0.210557156526122,0.0748414772375889,-0.416324463330769
517,0.21021459990244,0.0737129026416876,-0.419481931301944
518,0.209661417647223,0.0716133781340503,-0.49218612579167
519,0.204869307498531,0.0635447382960332,-0.494614582840412
520,0.190481628962733,0.112597946390995,-0.497368314383818
521,0.213386733489756,0.111934684858202,-0.885886813466954
522,0.211861858458007,0.110406903785515,-1.2210658693184
523,0.212251127198676,0.110825875231363,-1.45947697524222
524,0.211513259702929,0.107546103716419,-0.819962171819066
525,0.199507110713798,0.106153314286753,-1.30378040046491
526,0.198491826876642,0.105212816115873,-1.30870010344342
527,0.199789504248144,0.105603718444159,-1.31477720818154
528,0.197835320761878,0.0877404510977488,-2.09134544664144
529,0.177943749082915,0.132395699164638,-2.10018721324857
530,0.178567138829286,0.132229953841932,-2.10915061358928
531,0.178595425631218,0.141386524273632,-1.9869199493887
532,0.189348554819755,0.168121072312208,-1.9941947612752
533,0.18956602523497,0.16888793389735,-2.00242259053392
534,0.187953352706348,0.169628707932251,-0.259914179768604
535,0.188815254168245,0.171114764054819,-0.261446338227923
536,0.188121935039246,0.169277750388783,-0.263344018053228
537,0.181611904528784,0.147937514588754,-0.264757153988534
538,0.180818169709619,0.14796655535731,-0.267140899179071
539,0.17972598264988,0.147709791152334,-0.269485816262362
540,0.178358284413913,0.14639577603227,-0.0871928310007078
541,0.169984251002478,0.132990321037162,-0.163334268743526
542,0.162827451659444,0.132602340664828,-0.0238610324301431
543,0.162495424061487,0.137472852125467,-0.0254318854604868
544,0.162727893087777,0.100631505260983,-0.0263040979390026
545,0.162621141830655,0.0718799642804041,-0.0268324712761806
546,0.161952205829498,0.138455098487637,-0.10722339414456
547,0.196300726866112,0.138319307931297,-0.108036716071628
548,0.186670217331693,0.138171808221375,-0.271984826498218
549,0.185723315803397,0.136724020996983,-1.34907673486354
550,0.187000258790388,0.135915673554387,-0.962873359001687
551,0.178154472837828,0.137634369325316,-0.817990205579421
552,0.17714692009411,0.116222499723607,-0.821399461233582
553,0.17845068801985,0.148025484695198,-0.82448095869602
554,0.182567036723569,0.147110609051911,-0.828698700038629
555,0.184182487018842,0.145317624466948,-0.832446250095492
556,0.184094841622248,0.145330905156257,-0.986327434768419
557,0.196410499916705,0.150698016257417,-0.821758520894516
558,0.195459069939157,0.11976554826141,-0.338637571963707
559,0.194459145539888,0.121070816219148,-0.340552440846848
560,0.194317596004413,0.119797562372502,-0.343206682728314
561,0.208261435585025,0.119113589161556,-0.455141940332837
562,0.208217775039841,0.120281829960948,-0.457566538877819
563,0.209504857825323,0.119748568758589,-0.460698515972346
564,0.209613452311143,0.111310825955811,-0.462522872236215
565,0.201448994351745,0.144662563528973,-0.464999920942693
566,0.190294507685316,0.124822539784262,-1.38101764900843
567,0.190099871206315,0.125459898968105,-1.3853336624472
568,0.188912308934828,0.108198818974925,-2.42126921234336
569,0.187262046111064,0.109207075118588,-2.8145483821732
570,0.193588156419441,0.107437432569708,-2.88521167318195
571,0.195014393016711,0.080018572100076,-2.89199276258998
572,0.174656895219854,0.0499553729452959,-2.90310158968372
573,0.192819049205806,0.0492331876129407,-3.1332162906234
574,0.193891745610937,0.0410945314374676,-3.14379799154301
575,0.187366430925946,0.04184520627669,-3.51732525075175
576,0.187169589737742,0.127579012774304,-2.65995446546133
577,0.172126865660287,0.119303180475543,-2.66807821769776
578,0.172027416929117,0.118411921714517,-1.91419089069917
579,0.170055788661892,0.0989953667083614,-0.702852526075332
580,0.171394444731963,0.0679676784872879,-0.706094836814892
581,0.157714898939333,0.066440431341383,-3.92415877745932
582,0.15320224636525,0.052807479567751,-3.63982783499742
583,0.154076961095393,0.0669037842315188,-3.65046009032161
584,0.162110288509565,0.118862416784509,-4.00830914944661
585,0.159950824685267,0.119249764841648,-2.77121137721457
586,0.160644960876165,0.118752213333899,-0.839679207684723
587,0.15961846230529,0.0514667343342239,-0.842011356615304
588,0.166822461540515,0.0520731841910949,-0.844292176536497
589,0.160708182421141,0.0296131239638882,-2.23706395322246
590,0.160496643149803,0.0297240232599429,-1.34401623717819
591,0.168406038211488,0.0891673153454752,-1.34972457190721
592,0.168183764338847,0.0902873405204663,-1.61211743478868
593,0.168563649729503,0.132913346385297,-2.75960260601108
594,0.168829478722725,0.130787383069225,-3.00704824601807
595,0.167575759085702,0.0350347046981989,-3.80010583355231
596,0.189117246368713,0.0331063961392398,-3.81040988201505
597,0.179855268771346,0.0531515943741123,-3.81911836403144
598,0.178173863481734,0.0514835381256434,-3.50839410403285
599,0.178730911869648,0.0494418006636063,-3.8390620458755
600,0.142924157761472,0.0494800370801445,-3.58204662913656
601,0.140652857226997,0.0498607557962996,-3.59390540626683
602,0.135695943059654,0.0481233653014946,-3.60328255782627
603,0.139172523217794,0.0288454893357098,-2.17352783136932
604,0.139135147710722,0.095631917266494,-2.17934310415763
605,0.138162938685734,0.0969759536612153,-1.31686729154574
606,0.137780367507951,0.0953299918103764,-1.57166036685728
607,0.132960641898007,0.0758719344989835,-1.65064513003162
608,0.135303002152517,0.0694864327032389,-1.65605018369309
609,0.138470325258908,0.0684277185145236,-1.66109942459882
610,0.138293122925694,0.0653070336603294,-1.66793739716339
611,0.135956622528043,0.0661653953762958,-1.67474737942516
612,0.136015497782513,0.0640824931136992,-1.68070517416107
613,0.171740528703855,0.0625926071109702,-1.68667412551125
614,0.170164024096081,0.0624506089317008,-1.69199659753484
615,0.169201802531491,0.0622419872790093,-5.10721462767559
616,0.168181141676049,0.0627324081634376,-4.79051432476433
617,0.167137887946362,0.00242195535931777,-4.80045542313713
618,0.167564061251867,0.000285899920354382,-4.81550262900568
619,0.1539116658142,0.00242963494744575,-4.82449874246298
620,0.13856440499019,-0.00356938356008457,-3.3515541995811
621,0.134900377086137,0.0185286372530027,-4.83221970465346
622,0.135731804191569,0.0184883575362161,-4.84550320876133
623,0.126568378143912,0.00468915826994021,-4.85721319452913
624,0.132919720771762,0.00388292581187361,-4.87033547939304
625,0.134180097557274,0.00522712524126684,-4.88651127610011
626,0.147270340108977,0.0047996053673266,-4.90273094486679
627,0.147815055908923,0.00328885406788787,-6.3480277606406
628,0.147016467869814,0.0036588864562605,-1.92836923408789
629,0.170190904310196,-0.00967489909108576,-1.9347022596841
630,0.188205641737988,0.0113814749022245,-1.94117597718894
631,0.188358861111654,0.00994785119049246,-1.94668556582899
632,0.157447813822992,0.0120720247173061,-1.95245960156561
633,0.156475252048431,0.0118533384797982,-1.9591307561495
634,0.155602932719921,0.010369253886701,-1.96398200965731
635,0.165912070423225,0.0100599112271478,-1.96877809377625
636,0.158140893045406,0.00919312795566957,-2.67979757003437
637,0.12206816035026,0.00844261583975797,-2.6867303089988
638,0.122057863645679,-0.0183619744326922,-2.69417230377196
639,0.119237675278992,-0.0237832822563345,-2.70323338944034
640,0.130169420967596,-0.0225873678854971,-4.37785073381654
641,0.128503657276014,-0.00655943762990541,-6.93525752928785
642,0.100809512413231,-0.0207192630210989,-6.95285272235006
643,0.148731941929968,-0.00474922352057577,-1.57859419949545
644,0.149657744577334,-0.0188131962328075,-3.44933475893307
645,0.147760910676376,-0.0209860318652075,-3.45517535001384
646,0.147220268055586,-0.0236322888961863,-3.4666458259225
647,0.147921562162591,-0.0224865486800317,-3.47434275617626
648,0.14921471511211,-0.0217999827154037,-3.48444887226399
649,0.132482580445555,-0.0280216873254224,-8.05015292275101
650,0.131328842022487,-0.021489969034149,-8.11977093810041
651,0.129579482377834,-0.0316000316142039,-8.1399943943148
652,0.130984833009341,0.0195649049032718,-8.16265406473003
653,0.153643229456521,-0.0064390431373102,-8.18485032124052
654,0.152561500316563,-0.0179196978279073,-8.20972834018754
655,0.1514406000269,-0.0188744634472288,-8.22717137444862
656,0.146395500122223,-0.0165471530515476,-8.25074550637946
657,0.145401085943611,-0.0281888527026666,-8.27576719622614
658,0.146992307290257,0.0401325625748866,-8.43598392747678
659,0.145233303935727,-0.0283500722177459,-8.32084939913495
660,0.14505638823659,0.0317797951935093,-8.34211881489034
661,0.144460879571829,0.0687653030179432,-8.35898140081665
662,0.144624252825093,-0.0290285989183171,-8.38079425856115
663,0.143394578229166,-0.0161630940717921,-8.39701700855822
664,0.143454923477365,-0.0174095204903228,-8.41595876343489
665,0.13200252362925,-0.017831011446988,-8.44307422697074
666,0.130872872446016,-0.0281642877262754,-8.46218872226723
667,0.130179715246415,-0.0284215541452456,-8.48891837447667
668,0.131901505713237,-0.0496828360520445,-10.5889593724487
669,0.131599189061758,-0.0379856724706598,-11.890017891647
670,0.132451731336522,-0.0406818496764348,-12.0745833667388
671,0.132079982370586,-0.0518690745881348,-12.0975306431185
672,0.131369057196205,-0.0273823622646511,-2.91183025618454
673,0.130964117446359,-0.0281362304529485,-0.594680377595662
674,0.129792687556341,-0.0284705102982254,-0.576321752869741
675,0.130080449398325,-0.0202628615670654,-1.48174558410631
676,0.131012366954193,0.00154357609508227,-1.48713909439734
677,0.158947722207845,-0.000315871657970146,-1.49069148282507
678,0.157184785312472,-0.000967739840627535,-1.4962822442556
679,0.158031147130039,-0.00130978761288619,-0.889620583942068
680,0.15504798405292,-0.0351989568432304,-0.89180408078164
681,0.155415856714203,-0.0708245077653654,-0.895691921805009
682,0.107868983313861,-0.059748185831947,-0.898855450542767
683,0.0954103778040511,-0.0595243768881705,-0.900659467403201
684,0.0995850834650034,-0.0614133976618454,-0.904148123361292
685,0.0997112943619984,-0.0617240480097661,-0.906029578106619
686,0.0950021465845457,-0.0392787027660098,-0.908931568221604
687,0.0864989074921374,-0.0383607692784806,-2.78796642848679
688,0.0853187960982479,-0.0400146951581113,-2.7957726748585
689,0.085039981382618,-0.0389190863934797,-13.325396873533
690,0.0834846012298208,-0.0558371055892935,-13.3521445307762
691,0.0817670844497429,-0.0558148054519046,-13.3817127860032
692,0.0860647789399867,0.0246846240419853,-13.4115399979659
693,0.0733348174478682,0.0235466596957812,-16.5708687046909
694,0.070390767749094,0.071332215969054,-17.0971758447191
695,0.0698852480616795,0.0709598109219072,-8.43307255635314
696,0.0688737472009195,-0.0315757385146574,-17.1805976460136
697,0.0686423958528989,-0.0324059482279273,-17.2196163549593
698,0.0716285184075004,-0.0320575079285829,-17.259171396203
699,0.111504911033348,-0.0233828588426415,-17.2937170876042
700,0.155420668770126,-0.0267087385328437,-6.63566552570183
701,0.154265090338783,-0.027053396880793,-6.65191479823258
702,0.128563637953447,-0.0292288480059142,-6.66589906985488
703,0.112865919268392,-0.0327214283036203,-17.5061607173724
704,0.128571600410913,0.0037384078500291,-1.96400372697357
705,0.128455683868149,-0.035496420305271,-1.96989167962558
706,0.124870909468362,0.0148819044877646,-3.47614509116189
707,0.125120046299564,0.0128242757784609,-3.48368240475854
708,0.124479642528239,0.0123844171334673,-3.49209212099045
709,0.116531698465398,0.0402349176849802,-3.50205938414094
710,0.116400443134481,0.0423103707767381,-3.51124145823258
711,0.11608952854038,0.0434307661509114,-3.05008666281122
712,0.116637747623332,0.0412720903107719,-3.05853554044466
713,0.105044118761841,0.0417413033677424,-19.0015380827349
714,0.103505094122505,0.0189284323001453,-19.0430451489551
715,0.115002954534023,0.0182043607293591,-19.0824575043426
716,0.0960923780458925,0.00699279943491526,-19.1330317681502
717,0.095654365418438,0.00534477484687196,-19.1876924512253
718,0.093795446736565,0.00726306113838843,-19.2177425755399
719,0.093877217816861,-0.0136159050292687,-21.267260461329
720,0.0941590931573891,-0.0163889601112225,-22.2910874182104
721,0.095664447577441,0.0449080473453621,-22.3490612971349
722,0.0940642439603645,0.0286584887971981,-24.5533340097159
723,0.0934714433725642,0.0722869016378119,-26.5327014800454
724,0.0707875625919751,0.0716591430042619,-26.5872809270866
725,0.0703637592180714,0.103359337897391,-26.6478950355696
726,0.132608283194574,0.0467789177196423,-26.7051200164695
727,0.0923981517556203,0.0453044032834554,-26.7609247701537
728,0.092535921719012,0.0461274999898598,-26.8334161412976
729,0.092247177964402,0.0952817401193586,-26.8803337751858
730,0.0909483407156999,0.0978756262359271,-26.9411582072711
731,0.14331798837057,-0.0395896242005018,-27.0005542951406
732,0.142814896857434,-0.0398958003532678,-14.0827767270097
733,0.142914443689603,0.0238630416830606,-14.1082823487141
734,0.14245106092794,0.0224212467606631,-2.89350738741296
735,0.114113248604745,0.0855350387579795,-2.90029471665506
736,0.114915775787899,0.0610797956457861,-2.90661374536302
737,0.0816085653478369,-0.0449397866416418,-2.91378893369608
738,0.0808743282865782,-0.0448659756013527,-2.91872619597503
739,0.0986709165308907,-0.00687143975397891,-2.9237560706672
740,0.108484752945421,-0.00742039344040574,-13.2770262635565
741,0.110754994080541,-0.0574584853985626,-13.3044619820166
742,0.110014792087815,-0.0454529611730544,-13.3348230551849
743,0.128628133054221,-0.0474988903079188,-13.3635952823142
744,0.129301361917064,-0.0481364813394044,-13.3907814047498
745,0.127681812363657,-0.0489013889300078,-13.4292762087734
746,0.0900030467840371,-0.0493713811992132,-13.4599016941624
747,0.0811812184934106,-0.0508548886167691,-13.4863822056445
748,0.0803443615527768,-0.0507568896018885,-13.5169585537364
749,0.0808063454226479,-0.0497061846559293,-1.71342053325675
750,0.0801297857337209,-0.0592569324806459,-1.71717026604825
751,0.0541034398256574,-0.0615409977369124,-1.72215976540664
752,0.0554278209023547,-0.0617429582098095,-1.72590159869116
753,0.0903142721177183,-0.0615637353140608,-1.73035192605438
754,0.0890814074582307,0.0417715295842884,-1.73423590259323
755,0.0885677774787714,0.040012452125945,-1.73890227850037
756,0.117632219372214,0.0395506700217683,-1.7442026982885
757,0.11675648515462,-0.0181774813134676,-1.74889422547297
758,0.0946985695715641,-0.0290997161900535,-1.75438740067274
759,0.0954363744356752,-0.0287225561450379,-0.718452567658468
760,0.0850940743223652,-0.0579569473446503,-0.72050094694022
761,0.0845735021196988,-0.0563575892866465,-0.721852821471974
762,0.0251341512938872,-0.0562346528486982,-1.20452894768195
763,0.0289202380844175,-0.0581050198954539,-108.788270449278
764,0.0277491074605073,-0.0551005672324084,-109.062540633017
765,0.0289220028647769,-0.0571575080292185,-109.328818065394
766,0.0283843303726049,-0.0586679161709564,-109.549804325927
767,0.0295790366184056,-0.0113083490964005,-109.740784824326
768,0.0199750326073294,-0.0129423571964725,-109.992653731789
769,0.0292120439566049,-0.0154803013372227,-110.226872630275
770,0.0890927214698041,-0.0173172424424554,0.295846267771962
771,0.0391581916094722,0.0361520827129254,0.295842254784662
772,0.0399036321581138,0.0361137124193056,0.295919592468697
773,0.0744854879597061,-0.167989164825234,0.295773403415546
774,0.0832046369900035,-0.178789734826743,0.296109580332513
775,0.0834358246192047,-0.179609336790483,0.295225401694771
776,0.0822828151267488,-0.176545842931338,0.294564740613319
777,0.0819751184190584,-0.176733917966499,-12.067774833518
778,0.0813235169315963,-0.17717321458971,0.294248418670491
779,0.0771757029532401,-0.154341873689634,0.29443271399249
780,0.0937262560600506,-0.144657503454055,0.294535464739582
781,0.091898521180356,-0.148400149657454,-2.39287058041036
782,0.0918816705613177,-0.0675839951998143,-2.39938708550221
783,0.0724975253363897,-0.0664473549453939,-2.40451185837823
784,0.0731741126632598,-0.0694309511153883,-2.41143867235239
785,0.0725538430848326,-0.072291111491003,-2.41636850582494
786,0.0735582013490526,-0.0717162730879317,-2.42380988237269
787,0.0752054559335917,-0.0154953491346363,0.296086835236899
788,0.0749716138978755,-0.0307793977085278,0.296056472021632
789,0.0735466839060437,-0.070213445655829,-2.08080795785537
790,0.0724171544982721,-0.101731322818305,-2.08690614221491
791,0.0573495223009116,-0.103059369541167,-2.0909426720318
792,0.0611651220404654,-0.103505425311114,-2.09800757802094
793,0.036247686270345,-0.105428206794151,-2.10311465499523
794,0.0585612606179169,-0.0791697991597448,-37.5013065314937
795,0.0577293198365442,-0.0782667620532229,-37.5781026367372
796,0.0570486937735412,-0.0796950070973136,-37.6493907165787
797,0.0553079259721582,-0.0801013931361166,-37.7195600560767
798,0.0954042411823021,-0.0798879946796623,0.29575985930188
799,0.0944498433129032,-0.105901165421887,0.295100770259381
800,0.0757070508409946,-0.172255556717272,0.295900399944961
801,0.0639981754225723,-0.118767964046473,0.296006322516813
802,0.0628999819718132,-0.119973837100587,0.295752110272267
803,0.0630661576819036,-0.14714792116916,0.2960429802286
804,0.0619508748398025,-0.158825533246482,0.295731547866116
805,0.103439185806095,-0.175407046095144,0.294891541906411
806,0.103543095034394,-0.174685495329886,0.294456627658883
807,0.103355220018229,-0.175934994416315,0.295321994051716
808,0.0806852020103348,-0.159673100381106,0.295581594546307
809,0.0809547697760934,-0.160484529830539,0.295968672305186
810,0.0813867167451416,-0.17058119383624,0.295632952412584
811,0.0802665595530598,-0.171645768456096,0.296294015130593
812,0.0791287859989848,-0.171846296932983,0.29587584240998
813,0.0740547742287627,-0.189356874613604,0.296180130833399
814,0.121995446971447,-0.176240614965052,0.296571055699514
815,0.12240226566944,-0.175186152630117,0.296477508873864
816,0.0891015549704122,-0.214247879883035,0.295505492853631
817,0.0985095104110393,-0.217629766919069,0.295681624491908
818,0.0606758561570803,-0.21825107669166,0.296493693442632
819,0.0598455422726868,-0.214094991161969,0.296547163487757
820,0.05929956588891,-0.217550198624033,0.296420169837463
821,0.0573387670815445,-0.235431891169404,0.295958438909339
822,0.0577119494396098,-0.236292143109906,0.295644975906951
823,0.0583055638334742,-0.0723711455974627,0.294694650862533
824,0.0563649052750902,-0.105099031939204,0.294803084304669
825,0.0568859196311756,-0.105102638961422,0.29515713215172
826,0.055681786619528,-0.1052048276996,0.295965992031104
827,0.0559626947946791,-0.105911046677682,0.295227215257677
828,0.0546405630854296,-0.0127329101039911,0.295721072606606
829,0.0541971957963048,-0.0132355834177773,0.295851704089191
830,0.0536543915517124,0.050095690559195,0.295728483657196
831,0.0615066622621886,0.0498384262119547,0.295697980242952
832,0.0620291120194104,0.0503085858738915,0.296016853115538
833,0.0606914941234248,-0.0318980269953034,0.295890735847389
834,0.0943412006281558,0.00733806010090732,0.296204593781185
835,0.086516275761974,0.00568667865693651,0.29635344703579
836,0.0853109154906098,-0.0209735703937282,-6.44504767042792
837,0.0626821340560538,-0.0205248202482851,-6.45620934140718
838,0.0623263616351448,-0.0218804456859568,-6.47021599666865
839,0.062608545050389,-0.0217072557503636,-6.48464626738544
840,0.0623702941167745,-0.0339029165159853,-12.9517298982735
841,0.0612694775763265,0.0318966048849832,-12.9762206819503
842,0.0744140871171002,-0.0120954694256471,-13.0010923889496
843,0.0747666313986417,-0.0138455855698674,-13.0324894469218
844,0.0526279601073421,-0.016105273864256,0.295428752760843
845,0.0521292980490409,-0.0173814519463455,0.295881771718915
846,0.0945075409267738,-0.0175420916967117,0.295646576502468
847,0.0818644256433919,-0.0550762340033393,0.295772150419102
848,0.121871938769629,-0.0529816275830431,0.295918054559639
849,0.121106022600046,-0.0534264221257454,0.295492268222779
850,0.116615474608297,-0.0842796145332134,0.295989346090155
851,0.0759446694578974,-0.0850367056900881,0.295784310757606
852,0.0757057115902804,-0.0850136263122911,0.29548171992413
853,0.075265387885553,-0.117436481069447,0.29586625207062
854,0.0745738535723184,-0.164124955446045,0.294837704353771
855,0.0515449508432747,-0.165659760400059,0.295574007176194
856,0.0511368206031322,-0.16594996049835,0.295346429650975
857,0.0502467882064307,-0.169836100023716,0.294062944178587
858,0.048833712195696,-0.168892610186019,0.295405689498875
859,0.0492857885833747,-0.168799218470629,0.294421296256301
860,0.0481439761026965,-0.185164021552924,0.294647973943015
861,0.042743161174652,-0.0655535874860532,0.294444030059431
862,0.0432061123989586,-0.0644597324213687,0.294736675579526
863,0.0422940603046517,-0.0669988439630158,0.295541763951474
864,0.0428934357310116,-0.0665844026890079,0.295742731676148
865,0.0443497738970164,-0.0648479808011344,0.294986655743286
866,0.04274331959307,-0.0638316173021751,0.294833332688349
867,0.0420349019560515,-0.065190608528964,0.295806302055673
868,0.0251099983698927,-0.0661255465236925,0.29593799871061
869,0.0226979695996049,-0.188027960199942,0.296253563178607
870,0.0746350609521637,-0.188687260475026,0.295734601739041
871,0.0759677992262149,-0.198328911306632,0.296196324525783
872,0.0750900200757887,-0.163286027225602,0.296323040947078
873,0.0737417189893202,-0.19343170190482,0.295488074952865
874,0.0750965811161189,-0.265713616830757,0.295828546284143
875,0.0725904963187174,-0.105823796602748,0.295759027626768
876,0.0748146287786881,-0.187036122711459,0.295401868957394
877,0.0446394465854713,-0.193300099159542,0.295453727616883
878,-0.00988845252291171,-0.277198560555002,0.295594153663922
879,-0.0106110508436599,-0.278161661371281,0.296083367696497
880,-0.0107662144862761,-0.279653607727402,0.295407058185404
881,-0.0120321646853728,-0.278662791418238,0.296141045840907
882,0.0310350593381119,-0.251577711787549,0.296375145072177
883,0.0176121948146231,-0.276840111664308,0.295907437101169
884,0.0178160950321738,-0.26567601945541,0.296344450187975
885,-0.0174632847080479,-0.253203028866887,0.296407830074515
886,-0.0178515456002403,-0.251824644787551,0.297175884770521
887,-0.017801963695005,-0.250873200816208,0.296873978521484
888,-0.0202158212295506,-0.148740760906618,0.296715127466517
889,-0.0210740675627831,-0.147278369649535,0.296720829687902
890,-0.0231980334379834,-0.149442952367622,0.297353947986097
891,-0.023327387433717,-0.149999088938589,0.297216783080112
892,-0.0193120570962421,-0.253355369435257,0.296589846042994
893,-0.0191879527543919,-0.300251753184709,0.296044507931757
894,-0.0201499985672405,-0.190141881404045,0.296043547431547
895,0.0349774402056152,-0.192755905232019,0.296271814877767
896,0.0174544424427486,-0.195015771918566,0.296474741304536
897,-0.00462153500836698,-0.194625714199826,0.295897137865956
898,-0.019247905670233,-0.213662342961478,0.295500695350912
899,-0.0199905545040497,-0.233342478245835,0.295064297289323
900,-0.00786749598641162,-0.205249956450661,0.294631343337942
901,-0.00871892752594472,-0.24657991625039,0.295855377972938
902,0.018594796388286,-0.190251022620047,0.296157348194567
903,0.0178795566884308,-0.212037952462458,0.294969910879759
904,0.0184369744578914,-0.245244626160852,0.295165829077202
905,0.0179096070554877,-0.231862786530729,0.295564084695606
906,-0.0236562489454191,-0.247398482122588,0.29524802415097
907,-0.024093547008828,-0.213129931951997,0.29512115193977
908,-0.0259148398798328,-0.247230501701638,0.295043908904061
909,-0.0251244984466574,-0.228780889265741,0.295577711501726
910,-0.025464850939747,-0.278358475812033,0.294871311506184
911,-0.000172062955203278,-0.259506323546631,0.295407300065173
912,-4.13382324249145e-05,-0.255256148955238,0.295939169604124
913,-0.000285934266493704,-0.270581427028197,0.294878698848584
914,-0.000103949610525289,-0.27369887301871,0.295188724379129
915,0.000161445308690944,-0.274860172672654,0.295177594633968
916,-0.00049476907585666,-0.28965333694462,0.29598155703767
917,-0.0412750029671241,-0.253015658257962,0.296248732567674
918,-0.0380065631596585,-0.252833675461928,0.296103521030336
919,-0.0454454959665099,-0.291459123923382,0.296153450106185
920,-0.044657421253153,-0.322228641243647,0.296119286787722
921,0.0208245347669327,-0.321811235120624,0.296035093225875
922,0.02131315818692,-0.296430296379364,0.295147601560599
923,-0.0258260587328557,-0.251512786057814,0.29508877684067
924,-0.0251006655682056,-0.323700535809506,0.295514682586562
925,-0.0279680550397743,-0.280062457683847,0.295736258350627
926,-0.0287796323375802,-0.281657015117964,0.295654646143106
927,-0.0737827329115154,-0.282513423020952,0.295851096656105
928,-0.0960000430821584,-0.282811926121405,0.295986191267929
929,-0.0747572015392615,-0.28406206325184,0.296047810202592
930,-0.0478218490794217,-0.285041359521557,0.295884495112376
931,-0.0492181215207481,-0.262875416956692,0.295866540125026
932,-0.0509115405100981,-0.286476152360484,0.295126948545123
933,0.0342494037572693,-0.288275340626996,0.295820298246128
934,0.0323175812550472,-0.283138682733604,0.295144363054591
935,-0.011070763895748,-0.283983429301582,0.294270153100615
936,-0.0751504274786689,-0.246469849032544,0.29456607377116
937,-0.0976565264575946,-0.246721859594494,0.294502680160392
938,-0.0981846113850559,-0.0787021982250191,0.295050651921156
939,-0.0878255069796627,-0.0802496963280978,0.295468596348665
940,-0.088934241143108,-0.266287404757444,0.295142144198925
941,-0.0899248848778323,-0.26765921985457,0.29603034100233
942,-0.0184685663695248,-0.230106526767084,0.296020942204697
943,-0.0598636300938931,-0.229481949880791,0.296927699915808
944,-0.0919217401297594,-0.230126678567782,0.296172633337706
945,-0.0459561275047035,-0.230091222488689,0.296448700053512
946,-0.046635805795066,-0.273833265223868,0.296297921649707
947,-0.0298407616574532,-0.282113565284402,0.2963537312151
948,-0.0492626905942308,-0.284207970444021,0.296134187090763
949,0.050916238220072,-0.28567371707541,0.296476570797886
950,0.0334809791265374,-0.151774165419207,0.297146386613028
951,0.0503644764660877,-0.153681089891825,0.297208464946307
952,0.0320085891278201,-0.175287736892606,0.29738532535265
953,0.0912971883382418,-0.175478686337855,0.296435540623571
954,0.0920910176937942,-0.176527715338411,0.295875015495994
955,0.0896074527882393,-0.177061307537523,0.294951378001554
956,0.0872340641063912,-0.177887644769744,0.2941650473395
957,0.0109814341763351,-0.178573153079688,0.295185116441719
958,0.00987518088756445,-0.046867960970507,0.294462241464401
959,-0.010331108005447,-0.0445289442101927,0.295389189244169
960,-0.0373679418352995,-0.0441286600464665,0.295467279951224
961,-0.0378086455916409,-0.177419555496304,0.295163929784948
962,-0.038604085554182,-0.178381876303047,0.294826691487328
963,-0.107328747525475,-0.178376256729129,0.296222502357244
964,-0.0514385348181954,-0.27176648059508,0.296710281741695
965,-0.0785612759841859,-0.272845015517629,0.296233793067402
966,-0.0603823526846642,-0.271559078298519,0.29620449334185
967,-0.0612124918218928,-0.272480855529246,0.296310432582515
968,-0.0616925978291514,-0.271168118976388,0.296446732542603
969,-0.052559413478002,-0.271456263463109,0.295457871983946
970,-0.0507412625910455,-0.272687494240663,0.295766466418518
971,-0.107568434021422,-0.273539734048978,0.295787861144338
972,-0.108676757183713,-0.058095981896607,0.295401885268564
973,-0.128117123021562,-0.0588496237172674,0.296094801563629
974,-0.127958360692251,-0.0588027409239966,0.294997514722282
975,-0.129393589939225,-0.128675395174689,0.295128890133254
976,-0.125156889074221,-0.128281549239321,0.29479391577464
977,-0.115226184724312,-0.13015963642782,0.295103398529188
978,-0.0914450595766286,-0.0402638983236948,0.295522621816957
979,-0.0903906287325615,-0.041537151445462,0.295072533650407
980,-0.0915273226160383,-0.0430339904450354,0.296294503732805
981,-0.105829211968362,-0.0443823250652453,0.2960851085894
982,-0.107743535758359,-0.0934050752981804,0.295312716688933
983,-0.109045536040515,-0.230988807954062,0.294742232934398
984,-0.148938284711791,-0.299059425568786,0.294814825826786
985,-0.149412104699428,-0.302664441109667,0.295834840149861
986,-0.149712903516279,-0.30410553297748,0.29572723893642
987,-0.148988749377862,-0.447343985728466,0.295148736345287
988,-0.149134310983333,-0.44894729141447,0.294472234523647
989,-0.158657523286729,-0.450842854391886,0.294704142746157
990,-0.0925796571226434,-0.466892387282407,0.295719741617445
991,-0.110372849066635,-0.467959704558056,0.296482773309141
992,-0.156132368526112,-0.469183599270469,0.295488662777508
993,-0.0985427493212627,-0.489154599971361,0.295951960288279
994,-0.0814177251609005,-0.490032779412694,0.295840911239415
995,-0.0838172321546838,-0.441008776528689,0.295734535837413
996,-0.0837224033719426,-0.385967664730571,0.295104718532274
997,-0.0843184182273919,-0.38473991428335,0.295206085416864
998,-0.0952707080861044,-0.372561505566345,0.295021607912302
999,-0.0331315982667691,-0.387530563635062,0.295880715323302
1000,-0.106443534747755,-0.388384630107611,0.296020724968069
